WO_Number,Notification_No,Report_Date,Start_Date,Completion_Date,Status,Equipment_Tag,Equipment_Name,Functional_Location,Area_Code,Area_Name,Plant,Work_Type,Discipline,Priority,Criticality,Problem_Description,Root_Cause,Corrective_Action,Spare_Parts_Used,Breakdown,Downtime_Hours,Labor_Hours,Labor_Cost_IDR,Material_Cost_IDR,Total_Cost_IDR,Reported_By,Executed_By,Approved_By,Related_Interlock,Remarks
WO-240109,NT-2024-560424,6/4/2024 8:16,6/5/2024 8:16,6/6/2024 3:16,Completed,KC-4501,RECYCLE GAS COMPRESSOR,TJC-LLD-4500-01,4500,GAS RECOVERY & COMPRESSION,LINEAR LOW DENSITY POLYETHYLENE (LLDPE) UNIT,Inspection,Instrument,Medium,HIGH CRITICAL,SIS proof test of SEQ-4501,All trips functioned correctly,"Simulated trip initiators, verified effects and reset",-,No,0.0,4.0,840000,0,840000,Rizky Febrian (EMP-2044),Joko Purnomo (EMP-4059),Wahyu Setiadi (EMP-1113),SEQ-4501,Inspection work order for KC-4501
WO-240157,NT-2024-560614,6/9/2024 15:36,6/10/2024 16:36,6/11/2024 18:36,Completed,LV-6701,SEPARATOR LEVEL CONTROL VALVE,TJC-LLD-6700-01,6700,PRODUCT SEPARATION,LINEAR LOW DENSITY POLYETHYLENE (LLDPE) UNIT,Predictive,Mechanical,Low,LOW CRITICAL,Predictive vibration reading,Trend within normal band,Vibration data captured and trended on PdM route,-,No,0.0,1.0,185000,0,185000,Qori Ananta (EMP-2033),Eko Saputra (EMP-3090),Yudha Permana (EMP-1124),SEQ-6701,Predictive work order for LV-6701
WO-240035,NT-2024-560138,6/14/2024 8:53,6/15/2024 7:53,6/15/2024 17:05,Completed,YD-2301,POLYMER FLUID BED DRYER,TJC-LLD-2300-01,2300,POLYMER SEPARATION & DRYING,LINEAR LOW DENSITY POLYETHYLENE (LLDPE) UNIT,Calibration,Instrument,Medium,HIGH CRITICAL,Outlet moisture reading drifting vs lab sample,Analyzer sample line partly blocked and cell drift,Cleaned sample line and recalibrated MT-2306 to lab reference,-,No,0.0,1.2,252000,0,252000,Oscar Timothy (EMP-2010),Joko Purnomo (EMP-4059),Wahyu Setiadi (EMP-1113),SEQ-5500,Calibration work order for YD-2301
WO-240181,NT-2024-560713,6/14/2024 10:58,6/16/2024 9:58,6/16/2024 18:58,Completed,CT-7801,COOLING TOWER CELL FAN,TJC-LLD-7800-01,7800,COOLING WATER SYSTEM,LINEAR LOW DENSITY POLYETHYLENE (LLDPE) UNIT,Predictive,Electrical,Low,NON CRITICAL,Infrared thermography survey,No hotspot detected,"IR survey of motor / terminations, report filed",-,No,0.0,1.0,200000,0,200000,Putra Mahendra (EMP-2022),Lukman Hakim (EMP-5027),Vino Ardiansyah (EMP-1102),SEQ-7801,Predictive work order for CT-7801
WO-240087,NT-2024-560339,6/18/2024 6:27,6/19/2024 19:27,6/20/2024 7:27,Completed,KC-4501,RECYCLE GAS COMPRESSOR,TJC-LLD-4500-01,4500,GAS RECOVERY & COMPRESSION,LINEAR LOW DENSITY POLYETHYLENE (LLDPE) UNIT,Corrective,Instrument,High,HIGH CRITICAL,"Seal gas flow FT-4506 low, buffer pressure unstable",N2 buffer regulator diaphragm failed,"Replaced seal gas regulator, re-established buffer dP",N2 regulator,,,,,,,,,,,
WO-240128,NT-2024-560498,6/20/2024 6:53,6/20/2024 18:53,6/20/2024 23:23,Completed,EA-5601,SOLVENT HEATER,TJC-LLD-5600-01,5600,SOLVENT RECOVERY SYSTEM,LINEAR LOW DENSITY POLYETHYLENE (LLDPE) UNIT,Preventive,Instrument,Low,LOW CRITICAL,Scheduled instrument loop check,Loop within tolerance,Verified transmitters and indication against reference,-,No,0.0,2.5,525000,0,525000,Oscar Timothy (EMP-2010),Galih Pradana (EMP-4023),Yudha Permana (EMP-1124),-,Preventive work order for EA-5601
WO-240186,NT-2024-560733,6/22/2024 15:06,6/23/2024 20:06,6/24/2024 6:06,Completed,CT-7801,COOLING TOWER CELL FAN,TJC-LLD-7800-01,7800,COOLING WATER SYSTEM,LINEAR LOW DENSITY POLYETHYLENE (LLDPE) UNIT,Inspection,Instrument,Medium,NON CRITICAL,SIS proof test of SEQ-7801,All trips functioned correctly,"Simulated trip initiators, verified effects and reset",-,No,0.0,4.0,840000,0,840000,Putra Mahendra (EMP-2022),Irfan Maulidi (EMP-4048),Yudha Permana (EMP-1124),SEQ-7801,Inspection work order for CT-7801
WO-240085,NT-2024-560332,6/22/2024 15:21,6/25/2024 8:21,6/27/2024 1:21,Completed,KC-4501,RECYCLE GAS COMPRESSOR,TJC-LLD-4500-01,4500,GAS RECOVERY & COMPRESSION,LINEAR LOW DENSITY POLYETHYLENE (LLDPE) UNIT,Overhaul,Mechanical,High,HIGH CRITICAL,"High blow-by, low 2nd stage efficiency",PTFE piston rings worn beyond limit,"Renewed 2nd stage PTFE piston and rider rings, honed cylinder",PTFE piston rings,,,,,,,,,,,
WO-240130,NT-2024-560505,6/22/2024 16:00,6/24/2024 2:00,6/26/2024 1:00,Completed,EA-5601,SOLVENT HEATER,TJC-LLD-5600-01,5600,SOLVENT RECOVERY SYSTEM,LINEAR LOW DENSITY POLYETHYLENE (LLDPE) UNIT,Predictive,Electrical,Low,LOW CRITICAL,Infrared thermography survey,No hotspot detected,"IR survey of motor / terminations, report filed",-,No,0.0,1.0,200000,0,200000,Qori Ananta (EMP-2033),Nanda Prakoso (EMP-5049),Vino Ardiansyah (EMP-1102),-,Predictive work order for EA-5601
WO-240195,NT-2024-560767,7/1/2024 9:40,7/1/2024 15:40,7/2/2024 12:40,Completed,FA-8901,REFLUX ACCUMULATOR DRUM,TJC-LLD-8900-01,8900,SOLVENT FRACTIONATION,LINEAR LOW DENSITY POLYETHYLENE (LLDPE) UNIT,Corrective,Mechanical,Medium,HIGH CRITICAL,Nitrogen leak at manway after inspection,SW gasket unevenly seated,"Renewed SW SS316/graphite gasket, leak test passed",SW SS316/graphite manway gasket,Yes,8.0,6.9,1276000,10834000,12110000,Oscar Timothy (EMP-2010),Bagus Prasetya (EMP-3052),Vino Ardiansyah (EMP-1102),SEQ-8901,Corrective work order for FA-8901
WO-240190,NT-2024-560745,7/4/2024 13:15,7/5/2024 6:15,7/6/2024 16:03,Completed,FA-8901,REFLUX ACCUMULATOR DRUM,TJC-LLD-8900-01,8900,SOLVENT FRACTIONATION,LINEAR LOW DENSITY POLYETHYLENE (LLDPE) UNIT,Corrective,Mechanical,Medium,HIGH CRITICAL,Boot drain valve N4 passing / leaking,Seat eroded by water/solids,Reseated / replaced boot drain valve HV-8904,Boot drain valve,,,,,,,,,,,
WO-240177,NT-2024-560696,7/5/2024 12:51,7/6/2024 16:51,7/7/2024 5:21,Completed,CT-7801,COOLING TOWER CELL FAN,TJC-LLD-7800-01,7800,COOLING WATER SYSTEM,LINEAR LOW DENSITY POLYETHYLENE (LLDPE) UNIT,Preventive,Mechanical,Low,NON CRITICAL,Scheduled lubrication task,Routine lubrication,"Greased/oiled per lube schedule, levels checked",Grease / oil,No,0.0,1.5,278000,1581000,1858000,Rizky Febrian (EMP-2044),Eko Saputra (EMP-3090),Wahyu Setiadi (EMP-1113),SEQ-7801,Preventive work order for CT-7801
WO-240103,NT-2024-560404,7/6/2024 15:25,7/7/2024 0:25,7/8/2024 14:25,Completed,KC-4501,RECYCLE GAS COMPRESSOR,TJC-LLD-4500-01,4500,GAS RECOVERY & COMPRESSION,LINEAR LOW DENSITY POLYETHYLENE (LLDPE) UNIT,Predictive,Electrical,Low,HIGH CRITICAL,Infrared thermography survey,No hotspot detected,"IR survey of motor / terminations, report filed",-,No,0.0,1.0,200000,0,200000,Oscar Timothy (EMP-2010),Lukman Hakim (EMP-5027),Vino Ardiansyah (EMP-1102),SEQ-4501,Predictive work order for KC-4501
WO-240056,NT-2024-560212,7/8/2024 11:28,7/9/2024 14:28,7/11/2024 10:28,Completed,DC-3401A,CATALYST REDUCTION REACTOR,TJC-LLD-3400-01,3400,CATALYST PREPARATION,LINEAR LOW DENSITY POLYETHYLENE (LLDPE) UNIT,Corrective,Instrument,High,HIGH CRITICAL,Bed multipoint TC point 3 reading open circuit,Thermocouple element failed at the sheath junction,"Replaced TC point 3 in the multipoint assembly, verified reading and TSHH-3401 select",Multipoint thermocouple element (1 pt),Yes,8.0,3.5,735000,15369000,16104000,Rizky Febrian (EMP-2044),Galih Pradana (EMP-4023),Wahyu Setiadi (EMP-1113),SEQ-3401,Corrective work order for DC-3401A
WO-240138,NT-2024-560545,7/16/2024 10:36,7/17/2024 8:36,7/18/2024 13:54,Completed,LV-6701,SEPARATOR LEVEL CONTROL VALVE,TJC-LLD-6700-01,6700,PRODUCT SEPARATION,LINEAR LOW DENSITY POLYETHYLENE (LLDPE) UNIT,Corrective,Instrument,Medium,LOW CRITICAL,Hexane weeping at LV-6701 stem packing,PTFE V-ring packing worn,"Renewed PTFE V-ring packing set, re-torqued gland",PTFE V-ring packing set,Yes,4.0,8.3,1743000,11640000,13383000,Oscar Timothy (EMP-2010),Galih Pradana (EMP-4023),Yudha Permana (EMP-1124),SEQ-6701,Corrective work order for LV-6701
WO-240090,NT-2024-560350,7/16/2024 15:48,7/16/2024 17:48,7/17/2024 9:12,Completed,KC-4501,RECYCLE GAS COMPRESSOR,TJC-LLD-4500-01,4500,GAS RECOVERY & COMPRESSION,LINEAR LOW DENSITY POLYETHYLENE (LLDPE) UNIT,Calibration,Instrument,High,HIGH CRITICAL,Proof test of KO drum high-high level trip,"Float healthy, minor set-point trim",Verified LSHH-4510 float and trip action,-,No,0.0,2.4,504000,0,504000,Oscar Timothy (EMP-2010),Fajar Ramadhan (EMP-4011),Wahyu Setiadi (EMP-1113),SEQ-4501,Calibration work order for KC-4501
WO-240146,NT-2024-560576,7/20/2024 13:24,7/21/2024 15:24,7/23/2024 16:24,Completed,LV-6701,SEPARATOR LEVEL CONTROL VALVE,TJC-LLD-6700-01,6700,PRODUCT SEPARATION,LINEAR LOW DENSITY POLYETHYLENE (LLDPE) UNIT,Preventive,Mechanical,Low,LOW CRITICAL,Scheduled monthly preventive inspection,Routine - no defect found,"Visual inspection, cleaning, tightness check completed",-,No,0.0,2.0,370000,0,370000,Putra Mahendra (EMP-2022),Bagus Prasetya (EMP-3052),Wahyu Setiadi (EMP-1113),SEQ-6701,Preventive work order for LV-6701
WO-240202,NT-2024-560790,7/21/2024 13:02,7/22/2024 22:02,7/23/2024 3:32,Completed,FA-8901,REFLUX ACCUMULATOR DRUM,TJC-LLD-8900-01,8900,SOLVENT FRACTIONATION,LINEAR LOW DENSITY POLYETHYLENE (LLDPE) UNIT,Preventive,Mechanical,Low,HIGH CRITICAL,Scheduled lubrication task,Routine lubrication,"Greased/oiled per lube schedule, levels checked",Grease / oil,No,0.0,1.5,278000,1140000,1418000,Qori Ananta (EMP-2033),Andi Nurwansyah (EMP-3041),Yudha Permana (EMP-1124),SEQ-8901,Preventive work order for FA-8901
WO-240172,NT-2024-560673,7/22/2024 8:25,7/22/2024 20:25,7/23/2024 10:25,Completed,CT-7801,COOLING TOWER CELL FAN,TJC-LLD-7800-01,7800,COOLING WATER SYSTEM,LINEAR LOW DENSITY POLYETHYLENE (LLDPE) UNIT,Preventive,Mechanical,Low,NON CRITICAL,Scheduled monthly preventive inspection,Routine - no defect found,"Visual inspection, cleaning, tightness check completed",-,No,0.0,2.0,370000,0,370000,Oscar Timothy (EMP-2010),Dedi Kurnia (EMP-3078),Yudha Permana (EMP-1124),SEQ-7801,Preventive work order for CT-7801
WO-240154,NT-2024-560604,7/22/2024 14:45,7/22/2024 18:45,7/22/2024 20:45,Completed,LV-6701,SEPARATOR LEVEL CONTROL VALVE,TJC-LLD-6700-01,6700,PRODUCT SEPARATION,LINEAR LOW DENSITY POLYETHYLENE (LLDPE) UNIT,Predictive,Electrical,Low,LOW CRITICAL,Infrared thermography survey,No hotspot detected,"IR survey of motor / terminations, report filed",-,No,0.0,1.0,200000,0,200000,Putra Mahendra (EMP-2022),Krisna Aditya (EMP-5015),Wahyu Setiadi (EMP-1113),SEQ-6701,Predictive work order for LV-6701
WO-240012,NT-2024-560049,7/24/2024 13:56,7/25/2024 0:56,7/26/2024 2:50,Completed,GA-1201A,HEXANE FEED PUMP,TJC-LLD-1200-01,1200,FEED PREPARATION & PURIFICATION,LINEAR LOW DENSITY POLYETHYLENE (LLDPE) UNIT,Inspection,Instrument,Medium,HIGH CRITICAL,Scheduled SIL-1 proof test of GA-1201A trip logic,All trips functioned within tolerance,"Simulated PSLL/VSHH/TSHH trips, verified EFF-1..5 actions and auto-start GA-1201B",-,No,0.0,3.9,819000,0,819000,Qori Ananta (EMP-2033),Fajar Ramadhan (EMP-4011),Vino Ardiansyah (EMP-1102),SEQ-1201,Inspection work order for GA-1201A
WO-240129,NT-2024-560502,7/25/2024 8:19,7/28/2024 1:19,7/29/2024 13:19,Completed,EA-5601,SOLVENT HEATER,TJC-LLD-5600-01,5600,SOLVENT RECOVERY SYSTEM,LINEAR LOW DENSITY POLYETHYLENE (LLDPE) UNIT,Predictive,Electrical,Low,LOW CRITICAL,Infrared thermography survey,No hotspot detected,"IR survey of motor / terminations, report filed",-,No,0.0,1.0,200000,0,200000,Rizky Febrian (EMP-2044),Maulana Yusuf (EMP-5038),Yudha Permana (EMP-1124),-,Predictive work order for EA-5601
WO-240049,NT-2024-560184,7/26/2024 15:46,7/28/2024 18:46,7/29/2024 3:46,Completed,YD-2301,POLYMER FLUID BED DRYER,TJC-LLD-2300-01,2300,POLYMER SEPARATION & DRYING,LINEAR LOW DENSITY POLYETHYLENE (LLDPE) UNIT,Predictive,Electrical,Low,HIGH CRITICAL,Infrared thermography survey,No hotspot detected,"IR survey of motor / terminations, report filed",-,No,0.0,1.0,200000,0,200000,Oscar Timothy (EMP-2010),Nanda Prakoso (EMP-5049),Wahyu Setiadi (EMP-1113),SEQ-5500,Predictive work order for YD-2301
WO-240201,NT-2024-560786,7/27/2024 9:27,7/28/2024 8:27,7/29/2024 14:57,Completed,FA-8901,REFLUX ACCUMULATOR DRUM,TJC-LLD-8900-01,8900,SOLVENT FRACTIONATION,LINEAR LOW DENSITY POLYETHYLENE (LLDPE) UNIT,Preventive,Mechanical,Low,HIGH CRITICAL,Scheduled lubrication task,Routine lubrication,"Greased/oiled per lube schedule, levels checked",Grease / oil,No,0.0,1.5,278000,1517000,1794000,Putra Mahendra (EMP-2022),Bagus Prasetya (EMP-3052),Wahyu Setiadi (EMP-1113),SEQ-8901,Preventive work order for FA-8901
WO-240059,NT-2024-560229,7/30/2024 8:23,8/1/2024 21:23,8/2/2024 14:23,Completed,DC-3401A,CATALYST REDUCTION REACTOR,TJC-LLD-3400-01,3400,CATALYST PREPARATION,LINEAR LOW DENSITY POLYETHYLENE (LLDPE) UNIT,Corrective,Instrument,High,HIGH CRITICAL,N2 inert valve slow / sticking during inerting step,"Actuator seals hardened, positioner out of calibration","Serviced actuator, replaced seals, recalibrated positioner",Actuator seal kit,Yes,6.0,5.7,1197000,10965000,12162000,Oscar Timothy (EMP-2010),Irfan Maulidi (EMP-4048),Vino Ardiansyah (EMP-1102),SEQ-3401,Corrective work order for DC-3401A
WO-240116,NT-2024-560455,7/31/2024 10:32,8/1/2024 4:32,8/2/2024 20:14,Completed,EA-5601,SOLVENT HEATER,TJC-LLD-5600-01,5600,SOLVENT RECOVERY SYSTEM,LINEAR LOW DENSITY POLYETHYLENE (LLDPE) UNIT,Inspection,Mechanical,Medium,LOW CRITICAL,Statutory relief valve test,Set pressure within tolerance,"Overhauled PSV-5607, lapped seat, re-set 16 barg, certified",PSV soft goods,Yes,6.0,6.7,1240000,8485000,9724000,Oscar Timothy (EMP-2010),Dedi Kurnia (EMP-3078),Vino Ardiansyah (EMP-1102),-,Inspection work order for EA-5601
WO-240060,NT-2024-560235,8/5/2024 6:20,8/7/2024 15:20,8/9/2024 1:20,Completed,DC-3401A,CATALYST REDUCTION REACTOR,TJC-LLD-3400-01,3400,CATALYST PREPARATION,LINEAR LOW DENSITY POLYETHYLENE (LLDPE) UNIT,Inspection,Mechanical,High,HIGH CRITICAL,Scheduled statutory PSV pop test,Set pressure drift +0.3 barg found,"Overhauled PSV-3401, lapped seat, re-set to 6 barg, certified",PSV soft goods kit,Yes,12.0,4.4,814000,3452000,4266000,Qori Ananta (EMP-2033),Bagus Prasetya (EMP-3052),Vino Ardiansyah (EMP-1102),SEQ-3401,Inspection work order for DC-3401A
WO-240039,NT-2024-560149,8/5/2024 11:31,8/5/2024 17:31,8/8/2024 0:37,Completed,YD-2301,POLYMER FLUID BED DRYER,TJC-LLD-2300-01,2300,POLYMER SEPARATION & DRYING,LINEAR LOW DENSITY POLYETHYLENE (LLDPE) UNIT,Corrective,Instrument,High,HIGH CRITICAL,"O2 analyzer reading unstable, inerting confidence low",O2 sensor cell end of life,"Replaced O2 sensor cell, calibrated on span gas, verified ASHH-2307",O2 analyzer sensor cell,Yes,6.0,7.1,1491000,12638000,14129000,Putra Mahendra (EMP-2022),Galih Pradana (EMP-4023),Wahyu Setiadi (EMP-1113),SEQ-5500,Corrective work order for YD-2301
WO-240009,NT-2024-560032,8/10/2024 8:01,8/11/2024 23:01,8/14/2024 0:19,Completed,GA-1201A,HEXANE FEED PUMP,TJC-LLD-1200-01,1200,FEED PREPARATION & PURIFICATION,LINEAR LOW DENSITY POLYETHYLENE (LLDPE) UNIT,Corrective,Instrument,Medium,HIGH CRITICAL,"Discharge flow control hunting, FIC-1201 oscillating",Loop poorly tuned after transmitter re-range,Re-ranged FT-1201 and retuned FIC-1201 PID parameters,-,No,0.0,1.3,273000,0,273000,Oscar Timothy (EMP-2010),Galih Pradana (EMP-4023),Yudha Permana (EMP-1124),SEQ-1201,Corrective work order for GA-1201A
WO-240014,NT-2024-560057,8/17/2024 17:04,8/19/2024 21:04,8/21/2024 23:04,Completed,GA-1201A,HEXANE FEED PUMP,TJC-LLD-1200-01,1200,FEED PREPARATION & PURIFICATION,LINEAR LOW DENSITY POLYETHYLENE (LLDPE) UNIT,Preventive,Mechanical,Low,HIGH CRITICAL,Scheduled monthly preventive inspection,Routine - no defect found,"Visual inspection, cleaning, tightness check completed",-,No,0.0,2.0,370000,0,370000,Rizky Febrian (EMP-2044),Andi Nurwansyah (EMP-3041),Yudha Permana (EMP-1124),SEQ-1201,Preventive work order for GA-1201A
WO-240211,NT-2024-560830,8/20/2024 12:08,8/22/2024 11:08,8/24/2024 0:08,Completed,FA-8901,REFLUX ACCUMULATOR DRUM,TJC-LLD-8900-01,8900,SOLVENT FRACTIONATION,LINEAR LOW DENSITY POLYETHYLENE (LLDPE) UNIT,Inspection,Instrument,Medium,HIGH CRITICAL,SIS proof test of SEQ-8901,All trips functioned correctly,"Simulated trip initiators, verified effects and reset",-,No,0.0,4.0,840000,0,840000,Rizky Febrian (EMP-2044),Fajar Ramadhan (EMP-4011),Wahyu Setiadi (EMP-1113),SEQ-8901,Inspection work order for FA-8901
WO-240094,NT-2024-560368,8/20/2024 18:12,8/20/2024 20:12,8/22/2024 2:12,Completed,KC-4501,RECYCLE GAS COMPRESSOR,TJC-LLD-4500-01,4500,GAS RECOVERY & COMPRESSION,LINEAR LOW DENSITY POLYETHYLENE (LLDPE) UNIT,Corrective,Mechanical,High,HIGH CRITICAL,Process gas detected at distance-piece vent,PTFE pressure packing rings worn,"Renewed pressure packing set, checked rod runout",PTFE packing set,,,,,,,,,,,
WO-240106,NT-2024-560415,8/26/2024 9:30,8/29/2024 6:30,8/30/2024 2:30,Completed,KC-4501,RECYCLE GAS COMPRESSOR,TJC-LLD-4500-01,4500,GAS RECOVERY & COMPRESSION,LINEAR LOW DENSITY POLYETHYLENE (LLDPE) UNIT,Predictive,Mechanical,Low,HIGH CRITICAL,Predictive vibration reading,Trend within normal band,Vibration data captured and trended on PdM route,-,No,0.0,1.0,185000,0,185000,Rizky Febrian (EMP-2044),Eko Saputra (EMP-3090),Yudha Permana (EMP-1124),SEQ-4501,Predictive work order for KC-4501
WO-240017,NT-2024-560069,8/31/2024 9:22,9/2/2024 10:22,9/3/2024 22:52,Completed,GA-1201A,HEXANE FEED PUMP,TJC-LLD-1200-01,1200,FEED PREPARATION & PURIFICATION,LINEAR LOW DENSITY POLYETHYLENE (LLDPE) UNIT,Preventive,Mechanical,Low,HIGH CRITICAL,Scheduled lubrication task,Routine lubrication,"Greased/oiled per lube schedule, levels checked",Grease / oil,No,0.0,1.5,278000,1246000,1524000,Putra Mahendra (EMP-2022),Andi Nurwansyah (EMP-3041),Wahyu Setiadi (EMP-1113),SEQ-1201,Preventive work order for GA-1201A
WO-240196,NT-2024-560769,9/2/2024 12:25,9/5/2024 1:25,9/6/2024 7:37,Completed,FA-8901,REFLUX ACCUMULATOR DRUM,TJC-LLD-8900-01,8900,SOLVENT FRACTIONATION,LINEAR LOW DENSITY POLYETHYLENE (LLDPE) UNIT,Corrective,Instrument,Medium,HIGH CRITICAL,Drum pressure reading erratic,Impulse line plugged,"Cleared impulse line, re-zeroed PT-8902",-,No,0.0,1.2,252000,0,252000,Qori Ananta (EMP-2033),Joko Purnomo (EMP-4059),Wahyu Setiadi (EMP-1113),SEQ-8901,Corrective work order for FA-8901
WO-240111,NT-2024-560435,9/2/2024 14:40,9/3/2024 2:40,9/3/2024 18:52,Completed,EA-5601,SOLVENT HEATER,TJC-LLD-5600-01,5600,SOLVENT RECOVERY SYSTEM,LINEAR LOW DENSITY POLYETHYLENE (LLDPE) UNIT,Corrective,Mechanical,Medium,LOW CRITICAL,Hexane weep at channel flange,Spiral-wound channel gasket relaxed / damaged,"Renewed channel gasket, re-torqued in cross pattern",SW SS316/graphite gasket,Yes,8.0,8.2,1517000,8321000,9838000,Rizky Febrian (EMP-2044),Andi Nurwansyah (EMP-3041),Vino Ardiansyah (EMP-1102),-,Corrective work order for EA-5601
WO-240097,NT-2024-560380,9/3/2024 6:49,9/3/2024 8:49,9/4/2024 11:19,Completed,KC-4501,RECYCLE GAS COMPRESSOR,TJC-LLD-4500-01,4500,GAS RECOVERY & COMPRESSION,LINEAR LOW DENSITY POLYETHYLENE (LLDPE) UNIT,Preventive,Mechanical,Low,HIGH CRITICAL,Scheduled lubrication task,Routine lubrication,"Greased/oiled per lube schedule, levels checked",Grease / oil,No,0.0,1.5,278000,1933000,2210000,Qori Ananta (EMP-2033),Eko Saputra (EMP-3090),Vino Ardiansyah (EMP-1102),SEQ-4501,Preventive work order for KC-4501
WO-240027,NT-2024-560115,9/3/2024 9:20,9/6/2024 5:20,9/7/2024 6:20,Completed,GA-1201A,HEXANE FEED PUMP,TJC-LLD-1200-01,1200,FEED PREPARATION & PURIFICATION,LINEAR LOW DENSITY POLYETHYLENE (LLDPE) UNIT,Inspection,Instrument,Medium,HIGH CRITICAL,SIS proof test of SEQ-1201,All trips functioned correctly,"Simulated trip initiators, verified effects and reset",-,No,0.0,4.0,840000,0,840000,Rizky Febrian (EMP-2044),Fajar Ramadhan (EMP-4011),Yudha Permana (EMP-1124),SEQ-1201,Inspection work order for GA-1201A
WO-240173,NT-2024-560679,9/5/2024 11:48,9/7/2024 19:48,9/8/2024 16:48,Completed,CT-7801,COOLING TOWER CELL FAN,TJC-LLD-7800-01,7800,COOLING WATER SYSTEM,LINEAR LOW DENSITY POLYETHYLENE (LLDPE) UNIT,Preventive,Mechanical,Low,NON CRITICAL,Scheduled monthly preventive inspection,Routine - no defect found,"Visual inspection, cleaning, tightness check completed",-,No,0.0,2.0,370000,0,370000,Putra Mahendra (EMP-2022),Candra Wijaya (EMP-3067),Vino Ardiansyah (EMP-1102),SEQ-7801,Preventive work order for CT-7801
WO-240147,NT-2024-560582,9/5/2024 18:45,9/6/2024 8:45,9/7/2024 2:45,Completed,LV-6701,SEPARATOR LEVEL CONTROL VALVE,TJC-LLD-6700-01,6700,PRODUCT SEPARATION,LINEAR LOW DENSITY POLYETHYLENE (LLDPE) UNIT,Preventive,Mechanical,Low,LOW CRITICAL,Scheduled monthly preventive inspection,Routine - no defect found,"Visual inspection, cleaning, tightness check completed",-,No,0.0,2.0,370000,0,370000,Putra Mahendra (EMP-2022),Andi Nurwansyah (EMP-3041),Vino Ardiansyah (EMP-1102),SEQ-6701,Preventive work order for LV-6701
WO-240042,NT-2024-560161,9/10/2024 11:16,9/10/2024 17:16,9/12/2024 8:46,Completed,YD-2301,POLYMER FLUID BED DRYER,TJC-LLD-2300-01,2300,POLYMER SEPARATION & DRYING,LINEAR LOW DENSITY POLYETHYLENE (LLDPE) UNIT,Preventive,Mechanical,Low,HIGH CRITICAL,Scheduled lubrication task,Routine lubrication,"Greased/oiled per lube schedule, levels checked",Grease / oil,No,0.0,1.5,278000,2110000,2388000,Oscar Timothy (EMP-2010),Eko Saputra (EMP-3090),Yudha Permana (EMP-1124),SEQ-5500,Preventive work order for YD-2301
WO-240188,NT-2024-560739,9/11/2024 9:51,9/12/2024 22:51,9/14/2024 18:33,Completed,FA-8901,REFLUX ACCUMULATOR DRUM,TJC-LLD-8900-01,8900,SOLVENT FRACTIONATION,LINEAR LOW DENSITY POLYETHYLENE (LLDPE) UNIT,Calibration,Instrument,Medium,HIGH CRITICAL,Reflux drum level transmitter drifting vs gauge,Transmitter zero drift,Recalibrated LT-8901 against the bridle gauge,-,No,0.0,1.7,357000,0,357000,Putra Mahendra (EMP-2022),Joko Purnomo (EMP-4059),Yudha Permana (EMP-1124),SEQ-8901,Calibration work order for FA-8901
WO-240150,NT-2024-560590,9/17/2024 9:27,9/20/2024 4:27,9/21/2024 11:57,Completed,LV-6701,SEPARATOR LEVEL CONTROL VALVE,TJC-LLD-6700-01,6700,PRODUCT SEPARATION,LINEAR LOW DENSITY POLYETHYLENE (LLDPE) UNIT,Preventive,Mechanical,Low,LOW CRITICAL,Scheduled lubrication task,Routine lubrication,"Greased/oiled per lube schedule, levels checked",Grease / oil,No,0.0,1.5,278000,1892000,2170000,Putra Mahendra (EMP-2022),Bagus Prasetya (EMP-3052),Wahyu Setiadi (EMP-1113),SEQ-6701,Preventive work order for LV-6701
WO-240102,NT-2024-560402,9/19/2024 11:04,9/20/2024 21:04,9/21/2024 17:04,Completed,KC-4501,RECYCLE GAS COMPRESSOR,TJC-LLD-4500-01,4500,GAS RECOVERY & COMPRESSION,LINEAR LOW DENSITY POLYETHYLENE (LLDPE) UNIT,Predictive,Electrical,Low,HIGH CRITICAL,Infrared thermography survey,No hotspot detected,"IR survey of motor / terminations, report filed",-,No,0.0,1.0,200000,0,200000,Oscar Timothy (EMP-2010),Lukman Hakim (EMP-5027),Yudha Permana (EMP-1124),SEQ-4501,Predictive work order for KC-4501
WO-240167,NT-2024-560652,9/19/2024 18:40,9/21/2024 6:40,9/22/2024 13:58,Completed,CT-7801,COOLING TOWER CELL FAN,TJC-LLD-7800-01,7800,COOLING WATER SYSTEM,LINEAR LOW DENSITY POLYETHYLENE (LLDPE) UNIT,Corrective,Mechanical,Low,NON CRITICAL,"Displaced drift eliminator panels, visible drift",Panels dislodged by wind/age,Realigned and secured PVC drift eliminator panels,PVC eliminator panels,,,,,,,,,,,
WO-240045,NT-2024-560170,9/20/2024 7:42,9/21/2024 10:42,9/23/2024 12:12,Completed,YD-2301,POLYMER FLUID BED DRYER,TJC-LLD-2300-01,2300,POLYMER SEPARATION & DRYING,LINEAR LOW DENSITY POLYETHYLENE (LLDPE) UNIT,Preventive,Instrument,Low,HIGH CRITICAL,Scheduled instrument loop check,Loop within tolerance,Verified transmitters and indication against reference,-,No,0.0,2.5,525000,0,525000,Oscar Timothy (EMP-2010),Fajar Ramadhan (EMP-4011),Vino Ardiansyah (EMP-1102),SEQ-5500,Preventive work order for YD-2301
WO-240084,NT-2024-560327,9/21/2024 18:40,9/23/2024 22:40,9/24/2024 23:16,Completed,KC-4501,RECYCLE GAS COMPRESSOR,TJC-LLD-4500-01,4500,GAS RECOVERY & COMPRESSION,LINEAR LOW DENSITY POLYETHYLENE (LLDPE) UNIT,Corrective,Mechanical,High,HIGH CRITICAL,KC-4501 tripped on PSLL-4504 low lube oil pressure,"Lube oil pump gears worn, relief valve set low","Overhauled lube oil pump, reset relief valve, verified 2.5 barg",Lube oil pump gear set,,,,,,,,,,,
WO-240208,NT-2024-560814,9/24/2024 15:06,9/26/2024 4:06,9/27/2024 23:06,Completed,FA-8901,REFLUX ACCUMULATOR DRUM,TJC-LLD-8900-01,8900,SOLVENT FRACTIONATION,LINEAR LOW DENSITY POLYETHYLENE (LLDPE) UNIT,Predictive,Mechanical,Low,HIGH CRITICAL,Predictive vibration reading,Trend within normal band,Vibration data captured and trended on PdM route,-,No,0.0,1.0,185000,0,185000,Rizky Febrian (EMP-2044),Eko Saputra (EMP-3090),Yudha Permana (EMP-1124),SEQ-8901,Predictive work order for FA-8901
WO-240115,NT-2024-560450,9/29/2024 8:10,10/1/2024 13:10,10/2/2024 2:16,Completed,EA-5601,SOLVENT HEATER,TJC-LLD-5600-01,5600,SOLVENT RECOVERY SYSTEM,LINEAR LOW DENSITY POLYETHYLENE (LLDPE) UNIT,Corrective,Instrument,Low,LOW CRITICAL,Erratic tube dP reading,Impulse lines plugged with fines,Cleaned and re-zeroed PDT-5605 transmitter,-,No,0.0,3.1,651000,0,651000,Putra Mahendra (EMP-2022),Hendra Gunawan (EMP-4035),Yudha Permana (EMP-1124),-,Corrective work order for EA-5601
WO-240134,NT-2024-560524,10/1/2024 16:41,10/3/2024 7:41,10/4/2024 9:41,Completed,EA-5601,SOLVENT HEATER,TJC-LLD-5600-01,5600,SOLVENT RECOVERY SYSTEM,LINEAR LOW DENSITY POLYETHYLENE (LLDPE) UNIT,Predictive,Mechanical,Low,LOW CRITICAL,Predictive vibration reading,Trend within normal band,Vibration data captured and trended on PdM route,-,No,0.0,1.0,185000,0,185000,Putra Mahendra (EMP-2022),Candra Wijaya (EMP-3067),Yudha Permana (EMP-1124),-,Predictive work order for EA-5601
WO-240184,NT-2024-560727,10/3/2024 7:54,10/5/2024 8:54,10/6/2024 13:54,Completed,CT-7801,COOLING TOWER CELL FAN,TJC-LLD-7800-01,7800,COOLING WATER SYSTEM,LINEAR LOW DENSITY POLYETHYLENE (LLDPE) UNIT,Predictive,Mechanical,Low,NON CRITICAL,Predictive vibration reading,Trend within normal band,Vibration data captured and trended on PdM route,-,No,0.0,1.0,185000,0,185000,Oscar Timothy (EMP-2010),Bagus Prasetya (EMP-3052),Wahyu Setiadi (EMP-1113),SEQ-7801,Predictive work order for CT-7801
WO-240074,NT-2024-560286,10/5/2024 9:16,10/7/2024 11:16,10/7/2024 16:46,Completed,DC-3401A,CATALYST REDUCTION REACTOR,TJC-LLD-3400-01,3400,CATALYST PREPARATION,LINEAR LOW DENSITY POLYETHYLENE (LLDPE) UNIT,Preventive,Instrument,Low,HIGH CRITICAL,Scheduled instrument loop check,Loop within tolerance,Verified transmitters and indication against reference,-,No,0.0,2.5,525000,0,525000,Oscar Timothy (EMP-2010),Fajar Ramadhan (EMP-4011),Wahyu Setiadi (EMP-1113),SEQ-3401,Preventive work order for DC-3401A
WO-240022,NT-2024-560095,10/6/2024 13:45,10/6/2024 23:45,10/7/2024 10:45,Completed,GA-1201A,HEXANE FEED PUMP,TJC-LLD-1200-01,1200,FEED PREPARATION & PURIFICATION,LINEAR LOW DENSITY POLYETHYLENE (LLDPE) UNIT,Predictive,Electrical,Low,HIGH CRITICAL,Infrared thermography survey,No hotspot detected,"IR survey of motor / terminations, report filed",-,No,0.0,1.0,200000,0,200000,Oscar Timothy (EMP-2010),Nanda Prakoso (EMP-5049),Wahyu Setiadi (EMP-1113),SEQ-1201,Predictive work order for GA-1201A
WO-240165,NT-2024-560645,10/7/2024 9:12,10/10/2024 6:12,10/12/2024 2:24,Completed,CT-7801,COOLING TOWER CELL FAN,TJC-LLD-7800-01,7800,COOLING WATER SYSTEM,LINEAR LOW DENSITY POLYETHYLENE (LLDPE) UNIT,Calibration,Instrument,Low,NON CRITICAL,Scheduled pH analyzer calibration,Electrode drift,"Recalibrated AI-7805 on buffer solutions, replaced electrode",pH electrode,,,,,,,,,,,
WO-240069,NT-2024-560267,10/10/2024 10:45,10/13/2024 5:45,10/15/2024 1:45,Completed,DC-3401A,CATALYST REDUCTION REACTOR,TJC-LLD-3400-01,3400,CATALYST PREPARATION,LINEAR LOW DENSITY POLYETHYLENE (LLDPE) UNIT,Preventive,Mechanical,Low,HIGH CRITICAL,Scheduled monthly preventive inspection,Routine - no defect found,"Visual inspection, cleaning, tightness check completed",-,No,0.0,2.0,370000,0,370000,Putra Mahendra (EMP-2022),Andi Nurwansyah (EMP-3041),Wahyu Setiadi (EMP-1113),SEQ-3401,Preventive work order for DC-3401A
WO-240016,NT-2024-560065,10/10/2024 11:56,10/12/2024 16:56,10/13/2024 20:26,Completed,GA-1201A,HEXANE FEED PUMP,TJC-LLD-1200-01,1200,FEED PREPARATION & PURIFICATION,LINEAR LOW DENSITY POLYETHYLENE (LLDPE) UNIT,Preventive,Mechanical,Low,HIGH CRITICAL,Scheduled lubrication task,Routine lubrication,"Greased/oiled per lube schedule, levels checked",Grease / oil,No,0.0,1.5,278000,2268000,2546000,Oscar Timothy (EMP-2010),Andi Nurwansyah (EMP-3041),Yudha Permana (EMP-1124),SEQ-1201,Preventive work order for GA-1201A
WO-240024,NT-2024-560100,10/12/2024 15:43,10/14/2024 3:43,10/16/2024 2:43,Completed,GA-1201A,HEXANE FEED PUMP,TJC-LLD-1200-01,1200,FEED PREPARATION & PURIFICATION,LINEAR LOW DENSITY POLYETHYLENE (LLDPE) UNIT,Predictive,Mechanical,Low,HIGH CRITICAL,Predictive vibration reading,Trend within normal band,Vibration data captured and trended on PdM route,-,No,0.0,1.0,185000,0,185000,Oscar Timothy (EMP-2010),Andi Nurwansyah (EMP-3041),Vino Ardiansyah (EMP-1102),SEQ-1201,Predictive work order for GA-1201A
WO-240076,NT-2024-560291,10/20/2024 9:22,10/22/2024 23:22,10/23/2024 11:22,Completed,DC-3401A,CATALYST REDUCTION REACTOR,TJC-LLD-3400-01,3400,CATALYST PREPARATION,LINEAR LOW DENSITY POLYETHYLENE (LLDPE) UNIT,Predictive,Electrical,Low,HIGH CRITICAL,Infrared thermography survey,No hotspot detected,"IR survey of motor / terminations, report filed",-,No,0.0,1.0,200000,0,200000,Qori Ananta (EMP-2033),Krisna Aditya (EMP-5015),Vino Ardiansyah (EMP-1102),SEQ-3401,Predictive work order for DC-3401A
WO-240033,NT-2024-560132,10/23/2024 17:33,10/26/2024 12:33,10/28/2024 3:03,Completed,YD-2301,POLYMER FLUID BED DRYER,TJC-LLD-2300-01,2300,POLYMER SEPARATION & DRYING,LINEAR LOW DENSITY POLYETHYLENE (LLDPE) UNIT,Corrective,Instrument,Medium,HIGH CRITICAL,FT-2302 nitrogen purge flow reading low/erratic,Flow element fouled with fine powder carryover,"Removed and cleaned flow element, verified FSLL-2302 trip",-,No,0.0,2.5,525000,0,525000,Oscar Timothy (EMP-2010),Joko Purnomo (EMP-4059),Yudha Permana (EMP-1124),SEQ-5500,Corrective work order for YD-2301
WO-240119,NT-2024-560465,10/25/2024 6:14,10/26/2024 3:14,10/29/2024 5:14,Completed,EA-5601,SOLVENT HEATER,TJC-LLD-5600-01,5600,SOLVENT RECOVERY SYSTEM,LINEAR LOW DENSITY POLYETHYLENE (LLDPE) UNIT,Overhaul,Mechanical,Medium,LOW CRITICAL,Scheduled major bundle inspection,"General fouling, tubes within wall-loss limit","Pulled bundle, UT of 246 tubes, cleaned and re-installed",Bundle gaskets set,Yes,40.0,7.3,1350000,33317000,34668000,Putra Mahendra (EMP-2022),Eko Saputra (EMP-3090),Vino Ardiansyah (EMP-1102),-,Overhaul work order for EA-5601
WO-240169,NT-2024-560657,10/26/2024 11:05,10/27/2024 14:05,10/28/2024 11:05,Completed,CT-7801,COOLING TOWER CELL FAN,TJC-LLD-7800-01,7800,COOLING WATER SYSTEM,LINEAR LOW DENSITY POLYETHYLENE (LLDPE) UNIT,Corrective,Mechanical,Medium,NON CRITICAL,Vibration traced to drive-shaft coupling,Composite floating-shaft coupling worn,"Replaced drive-shaft coupling, aligned, tested",Composite shaft coupling,Yes,10.0,9.4,1739000,14799000,16538000,Putra Mahendra (EMP-2022),Andi Nurwansyah (EMP-3041),Wahyu Setiadi (EMP-1113),SEQ-7801,Corrective work order for CT-7801
WO-240170,NT-2024-560663,10/28/2024 13:15,10/30/2024 5:15,11/1/2024 4:27,Completed,CT-7801,COOLING TOWER CELL FAN,TJC-LLD-7800-01,7800,COOLING WATER SYSTEM,LINEAR LOW DENSITY POLYETHYLENE (LLDPE) UNIT,Preventive,Electrical,Low,NON CRITICAL,Scheduled IR test of wet-duty fan motor,Insulation healthy,"Megger and PI test, checked cable gland sealing",-,No,0.0,2.2,440000,0,440000,Oscar Timothy (EMP-2010),Lukman Hakim (EMP-5027),Wahyu Setiadi (EMP-1113),SEQ-7801,Preventive work order for CT-7801
WO-240212,NT-2024-560835,10/31/2024 12:33,11/1/2024 21:33,11/3/2024 12:33,Completed,FA-8901,REFLUX ACCUMULATOR DRUM,TJC-LLD-8900-01,8900,SOLVENT FRACTIONATION,LINEAR LOW DENSITY POLYETHYLENE (LLDPE) UNIT,Inspection,Instrument,Medium,HIGH CRITICAL,SIS proof test of SEQ-8901,All trips functioned correctly,"Simulated trip initiators, verified effects and reset",-,No,0.0,4.0,840000,0,840000,Rizky Febrian (EMP-2044),Galih Pradana (EMP-4023),Yudha Permana (EMP-1124),SEQ-8901,Inspection work order for FA-8901
WO-240079,NT-2024-560306,11/1/2024 8:15,11/4/2024 2:15,11/5/2024 8:15,Completed,DC-3401A,CATALYST REDUCTION REACTOR,TJC-LLD-3400-01,3400,CATALYST PREPARATION,LINEAR LOW DENSITY POLYETHYLENE (LLDPE) UNIT,Predictive,Mechanical,Low,HIGH CRITICAL,Predictive vibration reading,Trend within normal band,Vibration data captured and trended on PdM route,-,No,0.0,1.0,185000,0,185000,Qori Ananta (EMP-2033),Bagus Prasetya (EMP-3052),Vino Ardiansyah (EMP-1102),SEQ-3401,Predictive work order for DC-3401A
WO-240040,NT-2024-560155,11/4/2024 9:37,11/7/2024 1:37,11/9/2024 3:37,Completed,YD-2301,POLYMER FLUID BED DRYER,TJC-LLD-2300-01,2300,POLYMER SEPARATION & DRYING,LINEAR LOW DENSITY POLYETHYLENE (LLDPE) UNIT,Preventive,Mechanical,Low,HIGH CRITICAL,Scheduled monthly preventive inspection,Routine - no defect found,"Visual inspection, cleaning, tightness check completed",-,No,0.0,2.0,370000,0,370000,Oscar Timothy (EMP-2010),Bagus Prasetya (EMP-3052),Vino Ardiansyah (EMP-1102),SEQ-5500,Preventive work order for YD-2301
WO-240008,NT-2024-560030,11/5/2024 7:58,11/6/2024 7:58,11/7/2024 10:46,Completed,GA-1201A,HEXANE FEED PUMP,TJC-LLD-1200-01,1200,FEED PREPARATION & PURIFICATION,LINEAR LOW DENSITY POLYETHYLENE (LLDPE) UNIT,Corrective,Instrument,Medium,HIGH CRITICAL,"PDI-1201 reading erratic, seal-flush low alarm nuisance-tripping",Impulse lines fouled with hexane residue/polymer fines,Cleaned impulse lines and re-zeroed PDI-1201 transmitter,-,No,0.0,2.8,588000,0,588000,Oscar Timothy (EMP-2010),Irfan Maulidi (EMP-4048),Yudha Permana (EMP-1124),SEQ-1201,Corrective work order for GA-1201A
WO-240178,NT-2024-560699,11/12/2024 15:28,11/15/2024 10:28,11/15/2024 16:58,Completed,CT-7801,COOLING TOWER CELL FAN,TJC-LLD-7800-01,7800,COOLING WATER SYSTEM,LINEAR LOW DENSITY POLYETHYLENE (LLDPE) UNIT,Preventive,Instrument,Low,NON CRITICAL,Scheduled instrument loop check,Loop within tolerance,Verified transmitters and indication against reference,-,No,0.0,2.5,525000,0,525000,Rizky Febrian (EMP-2044),Galih Pradana (EMP-4023),Yudha Permana (EMP-1124),SEQ-7801,Preventive work order for CT-7801
WO-240136,NT-2024-560536,11/13/2024 9:35,11/14/2024 6:35,11/16/2024 9:41,Completed,LV-6701,SEPARATOR LEVEL CONTROL VALVE,TJC-LLD-6700-01,6700,PRODUCT SEPARATION,LINEAR LOW DENSITY POLYETHYLENE (LLDPE) UNIT,Corrective,Mechanical,Medium,LOW CRITICAL,Manual handwheel jack on LV-6701 seized,Corrosion in handwheel thread,"Overhauled handwheel assembly, greased thread",Handwheel assembly,,,,,,,,,,,
WO-240030,NT-2024-560123,11/15/2024 10:08,11/16/2024 17:08,11/18/2024 0:26,Completed,YD-2301,POLYMER FLUID BED DRYER,TJC-LLD-2300-01,2300,POLYMER SEPARATION & DRYING,LINEAR LOW DENSITY POLYETHYLENE (LLDPE) UNIT,Calibration,Instrument,High,HIGH CRITICAL,Scheduled proof test of dryer outlet high-high temperature trip,"Set-point within tolerance, minor zero drift corrected",Recalibrated TSHH-2301 to 125 degC and function tested to logic,-,No,0.0,1.3,273000,0,273000,Putra Mahendra (EMP-2022),Irfan Maulidi (EMP-4048),Yudha Permana (EMP-1124),SEQ-5500,Calibration work order for YD-2301
WO-240131,NT-2024-560511,11/24/2024 6:03,11/26/2024 11:03,11/27/2024 9:03,Completed,EA-5601,SOLVENT HEATER,TJC-LLD-5600-01,5600,SOLVENT RECOVERY SYSTEM,LINEAR LOW DENSITY POLYETHYLENE (LLDPE) UNIT,Predictive,Electrical,Low,LOW CRITICAL,Infrared thermography survey,No hotspot detected,"IR survey of motor / terminations, report filed",-,No,0.0,1.0,200000,0,200000,Qori Ananta (EMP-2033),Maulana Yusuf (EMP-5038),Vino Ardiansyah (EMP-1102),-,Predictive work order for EA-5601
WO-240057,NT-2024-560218,11/29/2024 8:23,12/1/2024 12:23,12/3/2024 16:23,Completed,DC-3401A,CATALYST REDUCTION REACTOR,TJC-LLD-3400-01,3400,CATALYST PREPARATION,LINEAR LOW DENSITY POLYETHYLENE (LLDPE) UNIT,Corrective,Electrical,High,HIGH CRITICAL,"One heater bank drawing no current, slow heat-up",Electric heater element bank open circuit / element burnt,"Replaced heater element bank, meggered, verified TIC-17343 response",Heater element bank,,,,,,,,,,,
WO-240189,NT-2024-560742,11/30/2024 8:52,11/30/2024 14:52,12/2/2024 17:52,Completed,FA-8901,REFLUX ACCUMULATOR DRUM,TJC-LLD-8900-01,8900,SOLVENT FRACTIONATION,LINEAR LOW DENSITY POLYETHYLENE (LLDPE) UNIT,Inspection,Mechanical,High,HIGH CRITICAL,Statutory relief valve test,Set pressure drift found,"Overhauled PSV-8901, lapped seat, re-set 10 barg, certified",PSV soft goods kit,Yes,10.0,6.9,1276000,8833000,10110000,Oscar Timothy (EMP-2010),Andi Nurwansyah (EMP-3041),Yudha Permana (EMP-1124),SEQ-8901,Inspection work order for FA-8901
WO-240058,NT-2024-560223,11/30/2024 13:18,12/1/2024 11:18,12/3/2024 13:00,Completed,DC-3401A,CATALYST REDUCTION REACTOR,TJC-LLD-3400-01,3400,CATALYST PREPARATION,LINEAR LOW DENSITY POLYETHYLENE (LLDPE) UNIT,Calibration,Instrument,High,HIGH CRITICAL,Inerting O2 analyzer drift vs portable reference,Analyzer zero drift and sample dryer saturated,"Recalibrated AI-3401 on span gas, replaced sample dryer",Sample dryer cartridge,No,0.0,3.7,777000,1065000,1842000,Rizky Febrian (EMP-2044),Joko Purnomo (EMP-4059),Vino Ardiansyah (EMP-1102),SEQ-3401,Calibration work order for DC-3401A
WO-240139,NT-2024-560548,12/1/2024 11:29,12/2/2024 17:29,12/3/2024 8:59,Completed,LV-6701,SEPARATOR LEVEL CONTROL VALVE,TJC-LLD-6700-01,6700,PRODUCT SEPARATION,LINEAR LOW DENSITY POLYETHYLENE (LLDPE) UNIT,Preventive,Instrument,Low,LOW CRITICAL,Scheduled air set maintenance,Filter element dirty,"Replaced filter regulator element, drained bowl",Filter regulator element,No,0.0,1.5,315000,1650000,1965000,Qori Ananta (EMP-2033),Galih Pradana (EMP-4023),Yudha Permana (EMP-1124),SEQ-6701,Preventive work order for LV-6701
WO-240199,NT-2024-560779,12/9/2024 10:57,12/9/2024 15:57,12/10/2024 15:57,Completed,FA-8901,REFLUX ACCUMULATOR DRUM,TJC-LLD-8900-01,8900,SOLVENT FRACTIONATION,LINEAR LOW DENSITY POLYETHYLENE (LLDPE) UNIT,Preventive,Mechanical,Low,HIGH CRITICAL,Scheduled monthly preventive inspection,Routine - no defect found,"Visual inspection, cleaning, tightness check completed",-,No,0.0,2.0,370000,0,370000,Putra Mahendra (EMP-2022),Dedi Kurnia (EMP-3078),Yudha Permana (EMP-1124),SEQ-8901,Preventive work order for FA-8901
WO-240210,NT-2024-560824,12/11/2024 9:09,12/11/2024 10:09,12/12/2024 13:09,Completed,FA-8901,REFLUX ACCUMULATOR DRUM,TJC-LLD-8900-01,8900,SOLVENT FRACTIONATION,LINEAR LOW DENSITY POLYETHYLENE (LLDPE) UNIT,Inspection,Instrument,Medium,HIGH CRITICAL,SIS proof test of SEQ-8901,All trips functioned correctly,"Simulated trip initiators, verified effects and reset",-,No,0.0,4.0,840000,0,840000,Rizky Febrian (EMP-2044),Galih Pradana (EMP-4023),Wahyu Setiadi (EMP-1113),SEQ-8901,Inspection work order for FA-8901
WO-240010,NT-2024-560038,12/11/2024 15:59,12/13/2024 12:59,12/13/2024 22:59,Completed,GA-1201A,HEXANE FEED PUMP,TJC-LLD-1200-01,1200,FEED PREPARATION & PURIFICATION,LINEAR LOW DENSITY POLYETHYLENE (LLDPE) UNIT,Preventive,Electrical,Low,HIGH CRITICAL,6-monthly motor preventive maintenance,Routine - insulation resistance healthy 850 MOhm,"Re-greased motor DE/NDE bearings, IR & PI test recorded",Polyurea grease (100 g),No,0.0,2.0,400000,2088000,2488000,Qori Ananta (EMP-2033),Maulana Yusuf (EMP-5038),Wahyu Setiadi (EMP-1113),SEQ-1201,Preventive work order for GA-1201A
WO-240110,NT-2024-560429,12/13/2024 9:06,12/16/2024 5:06,12/17/2024 14:06,Completed,EA-5601,SOLVENT HEATER,TJC-LLD-5600-01,5600,SOLVENT RECOVERY SYSTEM,LINEAR LOW DENSITY POLYETHYLENE (LLDPE) UNIT,Corrective,Mechanical,Medium,LOW CRITICAL,"High tube dP PDT-5605, low solvent outlet temperature",Hexane fouling / polymer fines deposit on tube bores,"Hydrojetted 246 tubes, restored dP and duty, re-gasketed",SW SS316/graphite gaskets (2),Yes,16.0,7.2,1332000,6035000,7367000,Rizky Febrian (EMP-2044),Dedi Kurnia (EMP-3078),Wahyu Setiadi (EMP-1113),-,Corrective work order for EA-5601
WO-240198,NT-2024-560777,12/13/2024 10:22,12/13/2024 17:22,12/15/2024 17:34,Completed,FA-8901,REFLUX ACCUMULATOR DRUM,TJC-LLD-8900-01,8900,SOLVENT FRACTIONATION,LINEAR LOW DENSITY POLYETHYLENE (LLDPE) UNIT,Inspection,Instrument,High,HIGH CRITICAL,SIL-1 proof test of overhead protection logic,All trips healthy,"Simulated LSHH/LSLL/PSHH trips, verified EFF actions",-,No,0.0,3.2,672000,0,672000,Putra Mahendra (EMP-2022),Joko Purnomo (EMP-4059),Vino Ardiansyah (EMP-1102),SEQ-8901,Inspection work order for FA-8901
WO-240063,NT-2024-560244,12/14/2024 12:04,12/16/2024 8:04,12/17/2024 18:04,Completed,DC-3401A,CATALYST REDUCTION REACTOR,TJC-LLD-3400-01,3400,CATALYST PREPARATION,LINEAR LOW DENSITY POLYETHYLENE (LLDPE) UNIT,Corrective,Instrument,High,HIGH CRITICAL,Reduction H2 analyzer reading unreliable,H2 analyzer cell at end of life,"Replaced H2 analyzer cell, calibrated, verified reduction tracking",H2 analyzer cell,No,0.0,2.0,420000,12204000,12624000,Putra Mahendra (EMP-2022),Galih Pradana (EMP-4023),Yudha Permana (EMP-1124),SEQ-3401,Corrective work order for DC-3401A
WO-240140,NT-2024-560552,12/16/2024 13:11,12/17/2024 21:11,12/18/2024 10:11,Completed,LV-6701,SEPARATOR LEVEL CONTROL VALVE,TJC-LLD-6700-01,6700,PRODUCT SEPARATION,LINEAR LOW DENSITY POLYETHYLENE (LLDPE) UNIT,Corrective,Instrument,High,LOW CRITICAL,"Continuous air leak, valve drifting closed",Fisher 667 diaphragm ruptured,"Replaced actuator diaphragm, re-benched, recalibrated",Fisher 667 diaphragm,Yes,8.0,6.2,1302000,16728000,18030000,Rizky Febrian (EMP-2044),Galih Pradana (EMP-4023),Yudha Permana (EMP-1124),SEQ-6701,Corrective work order for LV-6701
WO-240191,NT-2024-560747,12/16/2024 14:15,12/17/2024 12:15,12/19/2024 4:27,Completed,FA-8901,REFLUX ACCUMULATOR DRUM,TJC-LLD-8900-01,8900,SOLVENT FRACTIONATION,LINEAR LOW DENSITY POLYETHYLENE (LLDPE) UNIT,Corrective,Instrument,Medium,HIGH CRITICAL,Blanket / vent split-range valve hunting,Split-range calibration overlap incorrect,"Re-tuned PCV-8905 split-range, verified PT-8902 hold",-,No,0.0,2.2,462000,0,462000,Rizky Febrian (EMP-2044),Hendra Gunawan (EMP-4035),Yudha Permana (EMP-1124),SEQ-8901,Corrective work order for FA-8901
WO-240145,NT-2024-560573,12/20/2024 12:46,12/20/2024 23:46,12/22/2024 15:40,Completed,LV-6701,SEPARATOR LEVEL CONTROL VALVE,TJC-LLD-6700-01,6700,PRODUCT SEPARATION,LINEAR LOW DENSITY POLYETHYLENE (LLDPE) UNIT,Corrective,Mechanical,Low,LOW CRITICAL,Minor weep at body/bonnet joint,Spiral-wound body gasket relaxed,"Renewed body gasket, torqued bonnet bolts",SW body gasket,Yes,4.0,8.9,1646000,11492000,13138000,Qori Ananta (EMP-2033),Eko Saputra (EMP-3090),Wahyu Setiadi (EMP-1113),SEQ-6701,Corrective work order for LV-6701
WO-240161,NT-2024-560630,12/24/2024 13:39,12/26/2024 7:39,12/27/2024 3:21,Completed,CT-7801,COOLING TOWER CELL FAN,TJC-LLD-7800-01,7800,COOLING WATER SYSTEM,LINEAR LOW DENSITY POLYETHYLENE (LLDPE) UNIT,Preventive,Process,Low,NON CRITICAL,Routine barscreen cleaning on operator round,Normal debris accumulation,"Raked barscreen clear, checked differential level",-,No,0.0,3.7,555000,0,555000,Oscar Timothy (EMP-2010),Oscar Timothy (EMP-2010),Wahyu Setiadi (EMP-1113),SEQ-7801,Preventive work order for CT-7801
WO-240077,NT-2024-560295,12/26/2024 11:07,12/26/2024 16:07,12/27/2024 19:07,Completed,DC-3401A,CATALYST REDUCTION REACTOR,TJC-LLD-3400-01,3400,CATALYST PREPARATION,LINEAR LOW DENSITY POLYETHYLENE (LLDPE) UNIT,Predictive,Electrical,Low,HIGH CRITICAL,Infrared thermography survey,No hotspot detected,"IR survey of motor / terminations, report filed",-,No,0.0,1.0,200000,0,200000,Qori Ananta (EMP-2033),Krisna Aditya (EMP-5015),Vino Ardiansyah (EMP-1102),SEQ-3401,Predictive work order for DC-3401A
WO-240203,NT-2024-560792,12/27/2024 8:24,12/29/2024 7:24,12/30/2024 2:54,Completed,FA-8901,REFLUX ACCUMULATOR DRUM,TJC-LLD-8900-01,8900,SOLVENT FRACTIONATION,LINEAR LOW DENSITY POLYETHYLENE (LLDPE) UNIT,Preventive,Instrument,Low,HIGH CRITICAL,Scheduled instrument loop check,Loop within tolerance,Verified transmitters and indication against reference,-,No,0.0,2.5,525000,0,525000,Oscar Timothy (EMP-2010),Hendra Gunawan (EMP-4035),Yudha Permana (EMP-1124),SEQ-8901,Preventive work order for FA-8901
WO-240029,NT-2024-560121,12/27/2024 12:07,12/29/2024 9:07,12/30/2024 2:37,Completed,YD-2301,POLYMER FLUID BED DRYER,TJC-LLD-2300-01,2300,POLYMER SEPARATION & DRYING,LINEAR LOW DENSITY POLYETHYLENE (LLDPE) UNIT,Corrective,Mechanical,Medium,HIGH CRITICAL,Minor powder weep at feed-end gland,PTFE 4505L packing hardened and worn,Renewed 2 pcs PTFE 4505L feed-end packing,PTFE packing PILLER 4505L (2 pcs),Yes,10.5,7.4,1369000,10266000,11635000,Putra Mahendra (EMP-2022),Bagus Prasetya (EMP-3052),Yudha Permana (EMP-1124),SEQ-5500,Corrective work order for YD-2301
WO-240174,NT-2024-560685,12/31/2024 7:11,12/31/2024 12:11,1/1/2025 8:11,Completed,CT-7801,COOLING TOWER CELL FAN,TJC-LLD-7800-01,7800,COOLING WATER SYSTEM,LINEAR LOW DENSITY POLYETHYLENE (LLDPE) UNIT,Preventive,Mechanical,Low,NON CRITICAL,Scheduled monthly preventive inspection,Routine - no defect found,"Visual inspection, cleaning, tightness check completed",-,No,0.0,2.0,370000,0,370000,Oscar Timothy (EMP-2010),Dedi Kurnia (EMP-3078),Vino Ardiansyah (EMP-1102),SEQ-7801,Preventive work order for CT-7801
WO-240133,NT-2024-560518,1/1/2025 18:36,1/2/2025 7:36,1/3/2025 19:36,Completed,EA-5601,SOLVENT HEATER,TJC-LLD-5600-01,5600,SOLVENT RECOVERY SYSTEM,LINEAR LOW DENSITY POLYETHYLENE (LLDPE) UNIT,Predictive,Mechanical,Low,LOW CRITICAL,Predictive vibration reading,Trend within normal band,Vibration data captured and trended on PdM route,-,No,0.0,1.0,185000,0,185000,Oscar Timothy (EMP-2010),Eko Saputra (EMP-3090),Yudha Permana (EMP-1124),-,Predictive work order for EA-5601
WO-240112,NT-2024-560438,1/3/2025 14:53,1/4/2025 1:53,1/5/2025 0:41,Completed,EA-5601,SOLVENT HEATER,TJC-LLD-5600-01,5600,SOLVENT RECOVERY SYSTEM,LINEAR LOW DENSITY POLYETHYLENE (LLDPE) UNIT,Corrective,Mechanical,Low,LOW CRITICAL,"Continuous steam at condensate, high steam use",Steam trap element failed open,"Replaced steam trap element, verified condensate temperature",Steam trap element,No,0.0,2.8,518000,8817000,9335000,Oscar Timothy (EMP-2010),Bagus Prasetya (EMP-3052),Yudha Permana (EMP-1124),-,Corrective work order for EA-5601
WO-240207,NT-2024-560808,1/4/2025 8:27,1/5/2025 14:27,1/6/2025 16:27,Completed,FA-8901,REFLUX ACCUMULATOR DRUM,TJC-LLD-8900-01,8900,SOLVENT FRACTIONATION,LINEAR LOW DENSITY POLYETHYLENE (LLDPE) UNIT,Predictive,Mechanical,Low,HIGH CRITICAL,Predictive vibration reading,Trend within normal band,Vibration data captured and trended on PdM route,-,No,0.0,1.0,185000,0,185000,Qori Ananta (EMP-2033),Andi Nurwansyah (EMP-3041),Vino Ardiansyah (EMP-1102),SEQ-8901,Predictive work order for FA-8901
WO-240081,NT-2024-560313,1/6/2025 6:21,1/9/2025 0:21,1/10/2025 19:21,Completed,DC-3401A,CATALYST REDUCTION REACTOR,TJC-LLD-3400-01,3400,CATALYST PREPARATION,LINEAR LOW DENSITY POLYETHYLENE (LLDPE) UNIT,Inspection,Instrument,Medium,HIGH CRITICAL,SIS proof test of SEQ-3401,All trips functioned correctly,"Simulated trip initiators, verified effects and reset",-,No,0.0,4.0,840000,0,840000,Putra Mahendra (EMP-2022),Joko Purnomo (EMP-4059),Vino Ardiansyah (EMP-1102),SEQ-3401,Inspection work order for DC-3401A
WO-240135,NT-2024-560530,1/6/2025 12:21,1/8/2025 23:21,1/10/2025 10:15,Completed,LV-6701,SEPARATOR LEVEL CONTROL VALVE,TJC-LLD-6700-01,6700,PRODUCT SEPARATION,LINEAR LOW DENSITY POLYETHYLENE (LLDPE) UNIT,Corrective,Instrument,Medium,LOW CRITICAL,"LV-6701 not responding to LIC-6701, level control lost",Stem seized in PTFE packing (over-tightened + fines),"Freed stem, renewed packing, lubricated, re-stroked and calibrated",PTFE V-ring packing set,Yes,5.0,8.9,1869000,12837000,14706000,Oscar Timothy (EMP-2010),Irfan Maulidi (EMP-4048),Yudha Permana (EMP-1124),SEQ-6701,Corrective work order for LV-6701
WO-240095,NT-2024-560371,1/8/2025 12:49,1/8/2025 15:49,1/10/2025 7:49,Completed,KC-4501,RECYCLE GAS COMPRESSOR,TJC-LLD-4500-01,4500,GAS RECOVERY & COMPRESSION,LINEAR LOW DENSITY POLYETHYLENE (LLDPE) UNIT,Preventive,Mechanical,Low,HIGH CRITICAL,Scheduled monthly preventive inspection,Routine - no defect found,"Visual inspection, cleaning, tightness check completed",-,No,0.0,2.0,370000,0,370000,Oscar Timothy (EMP-2010),Dedi Kurnia (EMP-3078),Vino Ardiansyah (EMP-1102),SEQ-4501,Preventive work order for KC-4501
WO-240006,NT-2024-560021,1/16/2025 13:30,1/19/2025 13:30,1/20/2025 0:36,Completed,GA-1201A,HEXANE FEED PUMP,TJC-LLD-1200-01,1200,FEED PREPARATION & PURIFICATION,LINEAR LOW DENSITY POLYETHYLENE (LLDPE) UNIT,Calibration,Instrument,Medium,HIGH CRITICAL,Scheduled proof test of low-low suction pressure trip,Switch set-point drift found +0.08 barg during proof test,"Recalibrated PSLL-1201 to 0.5 barg trip, function tested to DCS",-,No,0.0,2.1,441000,0,441000,Oscar Timothy (EMP-2010),Irfan Maulidi (EMP-4048),Vino Ardiansyah (EMP-1102),SEQ-1201,Calibration work order for GA-1201A
WO-240185,NT-2024-560730,1/18/2025 18:52,1/19/2025 2:52,1/21/2025 2:52,Completed,CT-7801,COOLING TOWER CELL FAN,TJC-LLD-7800-01,7800,COOLING WATER SYSTEM,LINEAR LOW DENSITY POLYETHYLENE (LLDPE) UNIT,Predictive,Mechanical,Low,NON CRITICAL,Predictive vibration reading,Trend within normal band,Vibration data captured and trended on PdM route,-,No,0.0,1.0,185000,0,185000,Qori Ananta (EMP-2033),Candra Wijaya (EMP-3067),Yudha Permana (EMP-1124),SEQ-7801,Predictive work order for CT-7801
WO-240142,NT-2024-560564,1/21/2025 14:50,1/23/2025 15:50,1/25/2025 13:20,Completed,LV-6701,SEPARATOR LEVEL CONTROL VALVE,TJC-LLD-6700-01,6700,PRODUCT SEPARATION,LINEAR LOW DENSITY POLYETHYLENE (LLDPE) UNIT,Preventive,Process,Medium,LOW CRITICAL,LV-6701 isolation for planned maintenance,Planned - bypass used to hold level,"Lined up HV-6701 manual bypass, isolated LV-6701 safely",-,No,0.0,1.5,225000,0,225000,Putra Mahendra (EMP-2022),Qori Ananta (EMP-2033),Wahyu Setiadi (EMP-1113),SEQ-6701,Preventive work order for LV-6701
WO-240171,NT-2024-560667,1/25/2025 8:20,1/25/2025 9:20,1/27/2025 17:20,Completed,CT-7801,COOLING TOWER CELL FAN,TJC-LLD-7800-01,7800,COOLING WATER SYSTEM,LINEAR LOW DENSITY POLYETHYLENE (LLDPE) UNIT,Corrective,Mechanical,Medium,NON CRITICAL,"Reduced cooling performance, collapsed fill",PVC film fill degraded / partially collapsed,"Replaced degraded fill section, restored performance",PVC film fill packs,Yes,24.0,3.1,574000,15875000,16448000,Rizky Febrian (EMP-2044),Eko Saputra (EMP-3090),Vino Ardiansyah (EMP-1102),SEQ-7801,Corrective work order for CT-7801
WO-240132,NT-2024-560513,1/27/2025 6:23,1/27/2025 13:23,1/29/2025 7:23,Completed,EA-5601,SOLVENT HEATER,TJC-LLD-5600-01,5600,SOLVENT RECOVERY SYSTEM,LINEAR LOW DENSITY POLYETHYLENE (LLDPE) UNIT,Predictive,Mechanical,Low,LOW CRITICAL,Predictive vibration reading,Trend within normal band,Vibration data captured and trended on PdM route,-,No,0.0,1.0,185000,0,185000,Qori Ananta (EMP-2033),Eko Saputra (EMP-3090),Wahyu Setiadi (EMP-1113),-,Predictive work order for EA-5601
WO-240104,NT-2024-560410,1/29/2025 17:25,2/1/2025 10:25,2/1/2025 17:25,Completed,KC-4501,RECYCLE GAS COMPRESSOR,TJC-LLD-4500-01,4500,GAS RECOVERY & COMPRESSION,LINEAR LOW DENSITY POLYETHYLENE (LLDPE) UNIT,Predictive,Mechanical,Low,HIGH CRITICAL,Predictive vibration reading,Trend within normal band,Vibration data captured and trended on PdM route,-,No,0.0,1.0,185000,0,185000,Qori Ananta (EMP-2033),Bagus Prasetya (EMP-3052),Wahyu Setiadi (EMP-1113),SEQ-4501,Predictive work order for KC-4501
WO-240126,NT-2024-560489,1/31/2025 12:53,2/3/2025 0:53,2/4/2025 0:23,Completed,EA-5601,SOLVENT HEATER,TJC-LLD-5600-01,5600,SOLVENT RECOVERY SYSTEM,LINEAR LOW DENSITY POLYETHYLENE (LLDPE) UNIT,Preventive,Instrument,Low,LOW CRITICAL,Scheduled instrument loop check,Loop within tolerance,Verified transmitters and indication against reference,-,No,0.0,2.5,525000,0,525000,Oscar Timothy (EMP-2010),Joko Purnomo (EMP-4059),Yudha Permana (EMP-1124),-,Preventive work order for EA-5601
WO-240089,NT-2024-560347,2/5/2025 18:09,2/8/2025 17:09,2/9/2025 22:09,Completed,KC-4501,RECYCLE GAS COMPRESSOR,TJC-LLD-4500-01,4500,GAS RECOVERY & COMPRESSION,LINEAR LOW DENSITY POLYETHYLENE (LLDPE) UNIT,Corrective,Mechanical,Medium,HIGH CRITICAL,"High interstage temperature, fouling suspected",Waterside fouling of intercooler tubes,"Hydrojetted intercooler tubes, restored approach temp",Gaskets EA-4502,Yes,16.0,7.3,1350000,18825000,20176000,Putra Mahendra (EMP-2022),Candra Wijaya (EMP-3067),Yudha Permana (EMP-1124),SEQ-4501,Corrective work order for KC-4501
WO-240093,NT-2024-560364,2/6/2025 17:12,2/7/2025 12:12,2/7/2025 17:24,Completed,KC-4501,RECYCLE GAS COMPRESSOR,TJC-LLD-4500-01,4500,GAS RECOVERY & COMPRESSION,LINEAR LOW DENSITY POLYETHYLENE (LLDPE) UNIT,Inspection,Instrument,High,HIGH CRITICAL,SIL-2 proof test of compressor shutdown logic,All trips healthy,"Simulated PSLL/TSHH/VSHH trips, verified recycle open and motor trip",-,No,0.0,1.2,252000,0,252000,Qori Ananta (EMP-2033),Galih Pradana (EMP-4023),Yudha Permana (EMP-1124),SEQ-4501,Inspection work order for KC-4501
WO-240054,NT-2024-560205,2/8/2025 12:47,2/11/2025 2:47,2/12/2025 11:47,Completed,YD-2301,POLYMER FLUID BED DRYER,TJC-LLD-2300-01,2300,POLYMER SEPARATION & DRYING,LINEAR LOW DENSITY POLYETHYLENE (LLDPE) UNIT,Inspection,Instrument,Medium,HIGH CRITICAL,SIS proof test of SEQ-5500,All trips functioned correctly,"Simulated trip initiators, verified effects and reset",-,No,0.0,4.0,840000,0,840000,Oscar Timothy (EMP-2010),Irfan Maulidi (EMP-4048),Yudha Permana (EMP-1124),SEQ-5500,Inspection work order for YD-2301
WO-240152,NT-2024-560600,2/10/2025 17:21,2/11/2025 4:21,2/12/2025 17:51,Completed,LV-6701,SEPARATOR LEVEL CONTROL VALVE,TJC-LLD-6700-01,6700,PRODUCT SEPARATION,LINEAR LOW DENSITY POLYETHYLENE (LLDPE) UNIT,Preventive,Instrument,Low,LOW CRITICAL,Scheduled instrument loop check,Loop within tolerance,Verified transmitters and indication against reference,-,No,0.0,2.5,525000,0,525000,Rizky Febrian (EMP-2044),Hendra Gunawan (EMP-4035),Wahyu Setiadi (EMP-1113),SEQ-6701,Preventive work order for LV-6701
WO-240091,NT-2024-560356,2/18/2025 17:30,2/21/2025 0:30,2/23/2025 9:30,Completed,KC-4501,RECYCLE GAS COMPRESSOR,TJC-LLD-4500-01,4500,GAS RECOVERY & COMPRESSION,LINEAR LOW DENSITY POLYETHYLENE (LLDPE) UNIT,Corrective,Mechanical,High,HIGH CRITICAL,TE-4507 main bearing temperature rising,Restricted oil supply groove to No.2 main bearing,"Inspected and cleared oil passage, checked bearing clearance",Main bearing shell (inspected),Yes,22.0,5.2,962000,16535000,17497000,Putra Mahendra (EMP-2022),Bagus Prasetya (EMP-3052),Wahyu Setiadi (EMP-1113),SEQ-4501,Corrective work order for KC-4501
WO-240011,NT-2024-560044,2/21/2025 6:38,2/23/2025 21:38,2/26/2025 4:38,Completed,GA-1201A,HEXANE FEED PUMP,TJC-LLD-1200-01,1200,FEED PREPARATION & PURIFICATION,LINEAR LOW DENSITY POLYETHYLENE (LLDPE) UNIT,Overhaul,Mechanical,High,HIGH CRITICAL,Scheduled T/A major overhaul of GA-1201A,End-of-run wear on wear rings and seal per RBI plan,"Renewed seal, both bearings, wear rings",,,,,,,,,,,,
WO-240003,NT-2024-560011,2/23/2025 15:14,2/24/2025 6:14,2/25/2025 18:14,Completed,GA-1201A,HEXANE FEED PUMP,TJC-LLD-1200-01,1200,FEED PREPARATION & PURIFICATION,LINEAR LOW DENSITY POLYETHYLENE (LLDPE) UNIT,Corrective,Mechanical,High,HIGH CRITICAL,GA-1201A tripped on VSHH-1201 high vibration 7.4 mm/s,Angular misalignment 0.12 mm/100mm after foundation settlement,"Laser re-aligned pump/motor, re-shimmed motor feet, vibration back to 1.9 mm/s",Shim pack,,,,,,,,,,,
WO-240053,NT-2024-560202,2/26/2025 6:14,2/28/2025 3:14,3/1/2025 16:14,Completed,YD-2301,POLYMER FLUID BED DRYER,TJC-LLD-2300-01,2300,POLYMER SEPARATION & DRYING,LINEAR LOW DENSITY POLYETHYLENE (LLDPE) UNIT,Inspection,Instrument,Medium,HIGH CRITICAL,SIS proof test of SEQ-5500,All trips functioned correctly,"Simulated trip initiators, verified effects and reset",-,No,0.0,4.0,840000,0,840000,Oscar Timothy (EMP-2010),Galih Pradana (EMP-4023),Wahyu Setiadi (EMP-1113),SEQ-5500,Inspection work order for YD-2301
WO-240100,NT-2024-560392,2/28/2025 8:06,2/28/2025 18:06,2/28/2025 22:36,Completed,KC-4501,RECYCLE GAS COMPRESSOR,TJC-LLD-4500-01,4500,GAS RECOVERY & COMPRESSION,LINEAR LOW DENSITY POLYETHYLENE (LLDPE) UNIT,Preventive,Instrument,Low,HIGH CRITICAL,Scheduled instrument loop check,Loop within tolerance,Verified transmitters and indication against reference,-,No,0.0,2.5,525000,0,525000,Qori Ananta (EMP-2033),Fajar Ramadhan (EMP-4011),Vino Ardiansyah (EMP-1102),SEQ-4501,Preventive work order for KC-4501
WO-240051,NT-2024-560194,3/1/2025 6:18,3/3/2025 21:18,3/4/2025 2:18,Completed,YD-2301,POLYMER FLUID BED DRYER,TJC-LLD-2300-01,2300,POLYMER SEPARATION & DRYING,LINEAR LOW DENSITY POLYETHYLENE (LLDPE) UNIT,Predictive,Mechanical,Low,HIGH CRITICAL,Predictive vibration reading,Trend within normal band,Vibration data captured and trended on PdM route,-,No,0.0,1.0,185000,0,185000,Oscar Timothy (EMP-2010),Dedi Kurnia (EMP-3078),Wahyu Setiadi (EMP-1113),SEQ-5500,Predictive work order for YD-2301
WO-240028,NT-2024-560117,3/3/2025 9:41,3/4/2025 7:41,3/4/2025 23:41,Completed,YD-2301,POLYMER FLUID BED DRYER,TJC-LLD-2300-01,2300,POLYMER SEPARATION & DRYING,LINEAR LOW DENSITY POLYETHYLENE (LLDPE) UNIT,Corrective,Mechanical,High,HIGH CRITICAL,Steam and powder leaking at YD-2301 discharge gland,PTFE 4526L gland packing worn beyond service limit,"Replaced 8 pcs PTFE 4526L packing, staggered joints, re-nipped after warm-up",PTFE packing PILLER 4526L (8 pcs),Yes,12.0,8.0,1480000,16082000,17562000,Oscar Timothy (EMP-2010),Eko Saputra (EMP-3090),Wahyu Setiadi (EMP-1113),SEQ-5500,Corrective work order for YD-2301
WO-240166,NT-2024-560650,3/4/2025 12:37,3/4/2025 20:37,3/7/2025 10:37,Completed,CT-7801,COOLING TOWER CELL FAN,TJC-LLD-7800-01,7800,COOLING WATER SYSTEM,LINEAR LOW DENSITY POLYETHYLENE (LLDPE) UNIT,Corrective,Mechanical,Medium,NON CRITICAL,Vibration and noise from fan bearing,Spherical roller fan bearing worn,"Replaced fan bearing, re-greased, checked shaft",Spherical roller bearing,,,,,,,,,,,
WO-240113,NT-2024-560441,3/5/2025 6:49,3/7/2025 3:49,3/9/2025 12:49,Completed,EA-5601,SOLVENT HEATER,TJC-LLD-5600-01,5600,SOLVENT RECOVERY SYSTEM,LINEAR LOW DENSITY POLYETHYLENE (LLDPE) UNIT,Overhaul,Mechanical,High,LOW CRITICAL,"Water found in solvent, rising outlet temperature",Two tubes leaking at tube-to-tubesheet joint,"Located and plugged 2 tubes both ends, hydrotest passed",Tapered tube plugs x4,Yes,30.0,3.5,648000,40147000,40794000,Putra Mahendra (EMP-2022),Candra Wijaya (EMP-3067),Vino Ardiansyah (EMP-1102),-,Overhaul work order for EA-5601
WO-240018,NT-2024-560072,3/5/2025 8:27,3/5/2025 23:27,3/7/2025 4:57,Completed,GA-1201A,HEXANE FEED PUMP,TJC-LLD-1200-01,1200,FEED PREPARATION & PURIFICATION,LINEAR LOW DENSITY POLYETHYLENE (LLDPE) UNIT,Preventive,Mechanical,Low,HIGH CRITICAL,Scheduled lubrication task,Routine lubrication,"Greased/oiled per lube schedule, levels checked",Grease / oil,No,0.0,1.5,278000,1748000,2026000,Oscar Timothy (EMP-2010),Bagus Prasetya (EMP-3052),Wahyu Setiadi (EMP-1113),SEQ-1201,Preventive work order for GA-1201A
WO-240036,NT-2024-560141,3/5/2025 8:32,3/7/2025 11:32,3/7/2025 18:44,Completed,YD-2301,POLYMER FLUID BED DRYER,TJC-LLD-2300-01,2300,POLYMER SEPARATION & DRYING,LINEAR LOW DENSITY POLYETHYLENE (LLDPE) UNIT,Preventive,Mechanical,Low,HIGH CRITICAL,Scheduled drive gearbox oil change,Routine - oil sample acceptable,"Drained and refilled ISO VG 220, replaced breather",ISO VG 220 gear oil (18 L),,,,,,,,,,,
WO-240160,NT-2024-560628,3/7/2025 15:44,3/9/2025 22:44,3/11/2025 18:44,Completed,LV-6701,SEPARATOR LEVEL CONTROL VALVE,TJC-LLD-6700-01,6700,PRODUCT SEPARATION,LINEAR LOW DENSITY POLYETHYLENE (LLDPE) UNIT,Inspection,Instrument,Medium,LOW CRITICAL,SIS proof test of SEQ-6701,All trips functioned correctly,"Simulated trip initiators, verified effects and reset",-,No,0.0,4.0,840000,0,840000,Putra Mahendra (EMP-2022),Galih Pradana (EMP-4023),Wahyu Setiadi (EMP-1113),SEQ-6701,Inspection work order for LV-6701
WO-240071,NT-2024-560274,3/9/2025 14:22,3/10/2025 11:22,3/11/2025 18:52,Completed,DC-3401A,CATALYST REDUCTION REACTOR,TJC-LLD-3400-01,3400,CATALYST PREPARATION,LINEAR LOW DENSITY POLYETHYLENE (LLDPE) UNIT,Preventive,Mechanical,Low,HIGH CRITICAL,Scheduled lubrication task,Routine lubrication,"Greased/oiled per lube schedule, levels checked",Grease / oil,No,0.0,1.5,278000,2358000,2636000,Qori Ananta (EMP-2033),Andi Nurwansyah (EMP-3041),Vino Ardiansyah (EMP-1102),SEQ-3401,Preventive work order for DC-3401A
WO-240143,NT-2024-560566,3/12/2025 10:31,3/15/2025 9:31,3/15/2025 23:31,Completed,LV-6701,SEPARATOR LEVEL CONTROL VALVE,TJC-LLD-6700-01,6700,PRODUCT SEPARATION,LINEAR LOW DENSITY POLYETHYLENE (LLDPE) UNIT,Corrective,Mechanical,Medium,LOW CRITICAL,LV-6701 passing when closed (Class IV exceeded),Seat/plug erosion from polymer bottoms,"Lapped seat and plug, restored Class IV shut-off",Lapping compound,,,,,,,,,,,
WO-240013,NT-2024-560055,3/19/2025 10:21,3/21/2025 19:21,3/22/2025 11:03,Completed,GA-1201A,HEXANE FEED PUMP,TJC-LLD-1200-01,1200,FEED PREPARATION & PURIFICATION,LINEAR LOW DENSITY POLYETHYLENE (LLDPE) UNIT,Corrective,Mechanical,Low,HIGH CRITICAL,Hairline crack in epoxy grout under baseplate edge,Vibration-induced grout fatigue at pump end,"Chipped out loose grout and re-grouted with epoxy, torqued hold-down bolts",Epoxy grout,,,,,,,,,,,
WO-240108,NT-2024-560421,3/24/2025 8:43,3/25/2025 16:43,3/26/2025 4:43,Completed,KC-4501,RECYCLE GAS COMPRESSOR,TJC-LLD-4500-01,4500,GAS RECOVERY & COMPRESSION,LINEAR LOW DENSITY POLYETHYLENE (LLDPE) UNIT,Inspection,Instrument,Medium,HIGH CRITICAL,SIS proof test of SEQ-4501,All trips functioned correctly,"Simulated trip initiators, verified effects and reset",-,No,0.0,4.0,840000,0,840000,Oscar Timothy (EMP-2010),Hendra Gunawan (EMP-4035),Wahyu Setiadi (EMP-1113),SEQ-4501,Inspection work order for KC-4501
WO-240050,NT-2024-560189,3/25/2025 8:36,3/26/2025 4:36,3/28/2025 0:36,Completed,YD-2301,POLYMER FLUID BED DRYER,TJC-LLD-2300-01,2300,POLYMER SEPARATION & DRYING,LINEAR LOW DENSITY POLYETHYLENE (LLDPE) UNIT,Predictive,Mechanical,Low,HIGH CRITICAL,Predictive vibration reading,Trend within normal band,Vibration data captured and trended on PdM route,-,No,0.0,1.0,185000,0,185000,Qori Ananta (EMP-2033),Dedi Kurnia (EMP-3078),Yudha Permana (EMP-1124),SEQ-5500,Predictive work order for YD-2301
WO-240004,NT-2024-560017,3/29/2025 8:56,3/29/2025 18:56,4/1/2025 16:56,Completed,GA-1201A,HEXANE FEED PUMP,TJC-LLD-1200-01,1200,FEED PREPARATION & PURIFICATION,LINEAR LOW DENSITY POLYETHYLENE (LLDPE) UNIT,Corrective,Mechanical,High,HIGH CRITICAL,Bearing DE noisy with rising temperature TI-1201 trend,Outer race spalling on DE bearing due to prolonged misalignment,"Renewed DE bearing 7310 BECBM, flushed housing, refilled ISO VG 68",Bearing 7310 BECBM,,,,,,,,,,,
WO-240123,NT-2024-560475,4/5/2025 13:57,4/7/2025 21:57,4/9/2025 4:27,Completed,EA-5601,SOLVENT HEATER,TJC-LLD-5600-01,5600,SOLVENT RECOVERY SYSTEM,LINEAR LOW DENSITY POLYETHYLENE (LLDPE) UNIT,Preventive,Mechanical,Low,LOW CRITICAL,Scheduled lubrication task,Routine lubrication,"Greased/oiled per lube schedule, levels checked",Grease / oil,No,0.0,1.5,278000,823000,1100000,Putra Mahendra (EMP-2022),Eko Saputra (EMP-3090),Yudha Permana (EMP-1124),-,Preventive work order for EA-5601
WO-240193,NT-2024-560757,4/6/2025 10:50,4/8/2025 23:50,4/9/2025 19:20,Completed,FA-8901,REFLUX ACCUMULATOR DRUM,TJC-LLD-8900-01,8900,SOLVENT FRACTIONATION,LINEAR LOW DENSITY POLYETHYLENE (LLDPE) UNIT,Corrective,Instrument,Medium,HIGH CRITICAL,Level bridle gauge not tracking,Bridle legs plugged with fines,"Blew down and cleared bridle, restored gauge",-,Yes,4.0,4.5,945000,0,945000,Qori Ananta (EMP-2033),Joko Purnomo (EMP-4059),Yudha Permana (EMP-1124),SEQ-8901,Corrective work order for FA-8901
WO-240073,NT-2024-560281,4/6/2025 18:17,4/6/2025 21:17,4/8/2025 0:47,Completed,DC-3401A,CATALYST REDUCTION REACTOR,TJC-LLD-3400-01,3400,CATALYST PREPARATION,LINEAR LOW DENSITY POLYETHYLENE (LLDPE) UNIT,Preventive,Instrument,Low,HIGH CRITICAL,Scheduled instrument loop check,Loop within tolerance,Verified transmitters and indication against reference,-,No,0.0,2.5,525000,0,525000,Oscar Timothy (EMP-2010),Joko Purnomo (EMP-4059),Yudha Permana (EMP-1124),SEQ-3401,Preventive work order for DC-3401A
WO-240061,NT-2024-560240,4/7/2025 9:24,4/9/2025 22:24,4/14/2025 4:24,Completed,DC-3401A,CATALYST REDUCTION REACTOR,TJC-LLD-3400-01,3400,CATALYST PREPARATION,LINEAR LOW DENSITY POLYETHYLENE (LLDPE) UNIT,Overhaul,Mechanical,High,HIGH CRITICAL,End-of-life catalyst replacement at turnaround,Spent Pd/Al2O3 catalyst at end of run,"Vacuumed out spent catalyst, inspected grids, loaded 3.2 m3 fresh catalyst",Pd/Al2O3 catalyst 3.2 m3,,,,,,,,,,,
WO-240052,NT-2024-560200,4/9/2025 11:50,4/10/2025 14:50,4/11/2025 22:50,Completed,YD-2301,POLYMER FLUID BED DRYER,TJC-LLD-2300-01,2300,POLYMER SEPARATION & DRYING,LINEAR LOW DENSITY POLYETHYLENE (LLDPE) UNIT,Predictive,Mechanical,Low,HIGH CRITICAL,Predictive vibration reading,Trend within normal band,Vibration data captured and trended on PdM route,-,No,0.0,1.0,185000,0,185000,Qori Ananta (EMP-2033),Dedi Kurnia (EMP-3078),Vino Ardiansyah (EMP-1102),SEQ-5500,Predictive work order for YD-2301
WO-240023,NT-2024-560097,4/11/2025 6:26,4/12/2025 9:26,4/12/2025 17:26,Completed,GA-1201A,HEXANE FEED PUMP,TJC-LLD-1200-01,1200,FEED PREPARATION & PURIFICATION,LINEAR LOW DENSITY POLYETHYLENE (LLDPE) UNIT,Predictive,Mechanical,Low,HIGH CRITICAL,Predictive vibration reading,Trend within normal band,Vibration data captured and trended on PdM route,-,No,0.0,1.0,185000,0,185000,Rizky Febrian (EMP-2044),Eko Saputra (EMP-3090),Yudha Permana (EMP-1124),SEQ-1201,Predictive work order for GA-1201A
WO-240164,NT-2024-560642,4/12/2025 13:12,4/14/2025 21:12,4/17/2025 4:12,Completed,CT-7801,COOLING TOWER CELL FAN,TJC-LLD-7800-01,7800,COOLING WATER SYSTEM,LINEAR LOW DENSITY POLYETHYLENE (LLDPE) UNIT,Corrective,Mechanical,Medium,NON CRITICAL,TSHH-7803 gearbox oil temperature rising,Degraded oil and fouled oil cooler,"Changed oil, cleaned oil cooler, verified temperature",ISO VG 220 oil,,,,,,,,,,,
WO-240101,NT-2024-560396,4/13/2025 6:29,4/14/2025 5:29,4/14/2025 23:59,Completed,KC-4501,RECYCLE GAS COMPRESSOR,TJC-LLD-4500-01,4500,GAS RECOVERY & COMPRESSION,LINEAR LOW DENSITY POLYETHYLENE (LLDPE) UNIT,Preventive,Instrument,Low,HIGH CRITICAL,Scheduled instrument loop check,Loop within tolerance,Verified transmitters and indication against reference,-,No,0.0,2.5,525000,0,525000,Qori Ananta (EMP-2033),Irfan Maulidi (EMP-4048),Yudha Permana (EMP-1124),SEQ-4501,Preventive work order for KC-4501
WO-240204,NT-2024-560795,4/14/2025 7:21,4/15/2025 7:21,4/15/2025 23:51,Completed,FA-8901,REFLUX ACCUMULATOR DRUM,TJC-LLD-8900-01,8900,SOLVENT FRACTIONATION,LINEAR LOW DENSITY POLYETHYLENE (LLDPE) UNIT,Preventive,Instrument,Low,HIGH CRITICAL,Scheduled instrument loop check,Loop within tolerance,Verified transmitters and indication against reference,-,No,0.0,2.5,525000,0,525000,Oscar Timothy (EMP-2010),Galih Pradana (EMP-4023),Yudha Permana (EMP-1124),SEQ-8901,Preventive work order for FA-8901
WO-240122,NT-2024-560472,4/15/2025 11:25,4/17/2025 10:25,4/19/2025 8:25,Completed,EA-5601,SOLVENT HEATER,TJC-LLD-5600-01,5600,SOLVENT RECOVERY SYSTEM,LINEAR LOW DENSITY POLYETHYLENE (LLDPE) UNIT,Preventive,Mechanical,Low,LOW CRITICAL,Scheduled monthly preventive inspection,Routine - no defect found,"Visual inspection, cleaning, tightness check completed",-,No,0.0,2.0,370000,0,370000,Qori Ananta (EMP-2033),Dedi Kurnia (EMP-3078),Vino Ardiansyah (EMP-1102),-,Preventive work order for EA-5601
WO-240127,NT-2024-560493,4/17/2025 6:28,4/18/2025 7:28,4/18/2025 10:58,Completed,EA-5601,SOLVENT HEATER,TJC-LLD-5600-01,5600,SOLVENT RECOVERY SYSTEM,LINEAR LOW DENSITY POLYETHYLENE (LLDPE) UNIT,Preventive,Instrument,Low,LOW CRITICAL,Scheduled instrument loop check,Loop within tolerance,Verified transmitters and indication against reference,-,No,0.0,2.5,525000,0,525000,Oscar Timothy (EMP-2010),Fajar Ramadhan (EMP-4011),Vino Ardiansyah (EMP-1102),-,Preventive work order for EA-5601
WO-240206,NT-2024-560803,4/25/2025 10:59,4/25/2025 17:59,4/26/2025 2:59,Completed,FA-8901,REFLUX ACCUMULATOR DRUM,TJC-LLD-8900-01,8900,SOLVENT FRACTIONATION,LINEAR LOW DENSITY POLYETHYLENE (LLDPE) UNIT,Predictive,Electrical,Low,HIGH CRITICAL,Infrared thermography survey,No hotspot detected,"IR survey of motor / terminations, report filed",-,No,0.0,1.0,200000,0,200000,Rizky Febrian (EMP-2044),Nanda Prakoso (EMP-5049),Yudha Permana (EMP-1124),SEQ-8901,Predictive work order for FA-8901
WO-240121,NT-2024-560470,4/25/2025 16:06,4/28/2025 13:06,4/30/2025 4:06,Completed,EA-5601,SOLVENT HEATER,TJC-LLD-5600-01,5600,SOLVENT RECOVERY SYSTEM,LINEAR LOW DENSITY POLYETHYLENE (LLDPE) UNIT,Preventive,Mechanical,Low,LOW CRITICAL,Scheduled monthly preventive inspection,Routine - no defect found,"Visual inspection, cleaning, tightness check completed",-,No,0.0,2.0,370000,0,370000,Oscar Timothy (EMP-2010),Eko Saputra (EMP-3090),Vino Ardiansyah (EMP-1102),-,Preventive work order for EA-5601
WO-240048,NT-2024-560182,4/27/2025 13:01,4/28/2025 14:01,4/30/2025 7:01,Completed,YD-2301,POLYMER FLUID BED DRYER,TJC-LLD-2300-01,2300,POLYMER SEPARATION & DRYING,LINEAR LOW DENSITY POLYETHYLENE (LLDPE) UNIT,Predictive,Electrical,Low,HIGH CRITICAL,Infrared thermography survey,No hotspot detected,"IR survey of motor / terminations, report filed",-,No,0.0,1.0,200000,0,200000,Oscar Timothy (EMP-2010),Nanda Prakoso (EMP-5049),Wahyu Setiadi (EMP-1113),SEQ-5500,Predictive work order for YD-2301
WO-240080,NT-2024-560311,5/3/2025 10:35,5/4/2025 12:35,5/5/2025 22:35,Completed,DC-3401A,CATALYST REDUCTION REACTOR,TJC-LLD-3400-01,3400,CATALYST PREPARATION,LINEAR LOW DENSITY POLYETHYLENE (LLDPE) UNIT,Predictive,Mechanical,Low,HIGH CRITICAL,Predictive vibration reading,Trend within normal band,Vibration data captured and trended on PdM route,-,No,0.0,1.0,185000,0,185000,Rizky Febrian (EMP-2044),Eko Saputra (EMP-3090),Yudha Permana (EMP-1124),SEQ-3401,Predictive work order for DC-3401A
WO-240044,NT-2024-560168,5/4/2025 18:39,5/5/2025 3:39,5/5/2025 19:09,Completed,YD-2301,POLYMER FLUID BED DRYER,TJC-LLD-2300-01,2300,POLYMER SEPARATION & DRYING,LINEAR LOW DENSITY POLYETHYLENE (LLDPE) UNIT,Preventive,Mechanical,Low,HIGH CRITICAL,Scheduled lubrication task,Routine lubrication,"Greased/oiled per lube schedule, levels checked",Grease / oil,No,0.0,1.5,278000,2203000,2480000,Qori Ananta (EMP-2033),Candra Wijaya (EMP-3067),Wahyu Setiadi (EMP-1113),SEQ-5500,Preventive work order for YD-2301
WO-240098,NT-2024-560384,5/15/2025 14:21,5/17/2025 14:21,5/19/2025 4:51,Completed,KC-4501,RECYCLE GAS COMPRESSOR,TJC-LLD-4500-01,4500,GAS RECOVERY & COMPRESSION,LINEAR LOW DENSITY POLYETHYLENE (LLDPE) UNIT,Preventive,Mechanical,Low,HIGH CRITICAL,Scheduled lubrication task,Routine lubrication,"Greased/oiled per lube schedule, levels checked",Grease / oil,No,0.0,1.5,278000,1184000,1462000,Putra Mahendra (EMP-2022),Andi Nurwansyah (EMP-3041),Wahyu Setiadi (EMP-1113),SEQ-4501,Preventive work order for KC-4501
WO-240031,NT-2024-560127,5/21/2025 12:03,5/24/2025 6:03,5/24/2025 19:03,Completed,YD-2301,POLYMER FLUID BED DRYER,TJC-LLD-2300-01,2300,POLYMER SEPARATION & DRYING,LINEAR LOW DENSITY POLYETHYLENE (LLDPE) UNIT,Corrective,Mechanical,Medium,HIGH CRITICAL,"SSLL-2305 speed low alarm, chain slack observed",Chain elongation with normal wear caused slip,"Adjusted take-up, lubricated chain, checked sprocket wear",Chain oil,Yes,4.0,7.0,1295000,6180000,7475000,Qori Ananta (EMP-2033),Candra Wijaya (EMP-3067),Vino Ardiansyah (EMP-1102),SEQ-5500,Corrective work order for YD-2301
WO-240005,NT-2024-560019,5/26/2025 11:11,5/26/2025 23:11,5/27/2025 2:11,Completed,GA-1201A,HEXANE FEED PUMP,TJC-LLD-1200-01,1200,FEED PREPARATION & PURIFICATION,LINEAR LOW DENSITY POLYETHYLENE (LLDPE) UNIT,Preventive,Mechanical,Low,HIGH CRITICAL,Routine lube route - oil level below mid-mark on sight glass,Normal consumption / minor weep at constant-level oiler,"Topped up ISO VG 68 to correct level, checked oiler bottle seal",ISO VG 68 lubricating oil (0.5 L),No,0.0,1.0,185000,1194000,1379000,Qori Ananta (EMP-2033),Eko Saputra (EMP-3090),Yudha Permana (EMP-1124),SEQ-1201,Preventive work order for GA-1201A
WO-240137,NT-2024-560542,5/26/2025 13:41,5/26/2025 16:41,5/27/2025 0:29,Completed,LV-6701,SEPARATOR LEVEL CONTROL VALVE,TJC-LLD-6700-01,6700,PRODUCT SEPARATION,LINEAR LOW DENSITY POLYETHYLENE (LLDPE) UNIT,Corrective,Instrument,Medium,LOW CRITICAL,Positioner giving position error after drift,Positioner feedback out of calibration,"Recalibrated DVC6200, updated firmware, verified travel",-,No,0.0,1.8,378000,0,378000,Qori Ananta (EMP-2033),Joko Purnomo (EMP-4059),Vino Ardiansyah (EMP-1102),SEQ-6701,Corrective work order for LV-6701
WO-240194,NT-2024-560763,5/26/2025 15:56,5/27/2025 17:56,5/28/2025 15:56,Completed,FA-8901,REFLUX ACCUMULATOR DRUM,TJC-LLD-8900-01,8900,SOLVENT FRACTIONATION,LINEAR LOW DENSITY POLYETHYLENE (LLDPE) UNIT,Inspection,Mechanical,Medium,HIGH CRITICAL,Scheduled corrosion monitoring of boot,Wall thickness within corrosion allowance,"UT survey of boot and shell bottom, logged in RBI file",-,Yes,12.0,4.0,740000,0,740000,Qori Ananta (EMP-2033),Andi Nurwansyah (EMP-3041),Yudha Permana (EMP-1124),SEQ-8901,Inspection work order for FA-8901
WO-240068,NT-2024-560263,5/27/2025 16:57,5/28/2025 11:57,5/30/2025 8:57,Completed,DC-3401A,CATALYST REDUCTION REACTOR,TJC-LLD-3400-01,3400,CATALYST PREPARATION,LINEAR LOW DENSITY POLYETHYLENE (LLDPE) UNIT,Preventive,Mechanical,Low,HIGH CRITICAL,Scheduled monthly preventive inspection,Routine - no defect found,"Visual inspection, cleaning, tightness check completed",-,No,0.0,2.0,370000,0,370000,Oscar Timothy (EMP-2010),Bagus Prasetya (EMP-3052),Yudha Permana (EMP-1124),SEQ-3401,Preventive work order for DC-3401A
WO-240075,NT-2024-560288,5/31/2025 8:53,5/31/2025 10:53,6/2/2025 8:23,Completed,DC-3401A,CATALYST REDUCTION REACTOR,TJC-LLD-3400-01,3400,CATALYST PREPARATION,LINEAR LOW DENSITY POLYETHYLENE (LLDPE) UNIT,Preventive,Instrument,Low,HIGH CRITICAL,Scheduled instrument loop check,Loop within tolerance,Verified transmitters and indication against reference,-,No,0.0,2.5,525000,0,525000,Putra Mahendra (EMP-2022),Fajar Ramadhan (EMP-4011),Yudha Permana (EMP-1124),SEQ-3401,Preventive work order for DC-3401A
WO-240141,NT-2024-560558,6/2/2025 10:54,6/2/2025 22:54,6/4/2025 20:18,Completed,LV-6701,SEPARATOR LEVEL CONTROL VALVE,TJC-LLD-6700-01,6700,PRODUCT SEPARATION,LINEAR LOW DENSITY POLYETHYLENE (LLDPE) UNIT,Calibration,Instrument,High,LOW CRITICAL,Proof test of separator high-high level trip,Within tolerance,Recalibrated LSHH-6710 and verified EFF-1 open action,-,No,0.0,2.4,504000,0,504000,Putra Mahendra (EMP-2022),Hendra Gunawan (EMP-4035),Yudha Permana (EMP-1124),SEQ-6701,Calibration work order for LV-6701
WO-240083,NT-2024-560322,6/10/2025 12:48,6/12/2025 8:48,6/14/2025 17:48,Completed,KC-4501,RECYCLE GAS COMPRESSOR,TJC-LLD-4500-01,4500,GAS RECOVERY & COMPRESSION,LINEAR LOW DENSITY POLYETHYLENE (LLDPE) UNIT,Corrective,Mechanical,Emergency,HIGH CRITICAL,"High discharge temperature trip TSHH-4503, capacity drop",1st stage suction plate valve fractured,"Replaced complete suction valve set, checked seat, leak tested",Plate valve set (suction),,,,,,,,,,,
WO-240070,NT-2024-560272,6/11/2025 9:11,6/13/2025 12:11,6/15/2025 11:11,Completed,DC-3401A,CATALYST REDUCTION REACTOR,TJC-LLD-3400-01,3400,CATALYST PREPARATION,LINEAR LOW DENSITY POLYETHYLENE (LLDPE) UNIT,Preventive,Mechanical,Low,HIGH CRITICAL,Scheduled monthly preventive inspection,Routine - no defect found,"Visual inspection, cleaning, tightness check completed",-,No,0.0,2.0,370000,0,370000,Putra Mahendra (EMP-2022),Andi Nurwansyah (EMP-3041),Wahyu Setiadi (EMP-1113),SEQ-3401,Preventive work order for DC-3401A
WO-240179,NT-2024-560703,6/14/2025 7:32,6/17/2025 0:32,6/18/2025 8:02,Completed,CT-7801,COOLING TOWER CELL FAN,TJC-LLD-7800-01,7800,COOLING WATER SYSTEM,LINEAR LOW DENSITY POLYETHYLENE (LLDPE) UNIT,Preventive,Instrument,Low,NON CRITICAL,Scheduled instrument loop check,Loop within tolerance,Verified transmitters and indication against reference,-,No,0.0,2.5,525000,0,525000,Putra Mahendra (EMP-2022),Irfan Maulidi (EMP-4048),Wahyu Setiadi (EMP-1113),SEQ-7801,Preventive work order for CT-7801
WO-240026,NT-2024-560109,6/15/2025 17:35,6/16/2025 12:35,6/17/2025 11:35,Completed,GA-1201A,HEXANE FEED PUMP,TJC-LLD-1200-01,1200,FEED PREPARATION & PURIFICATION,LINEAR LOW DENSITY POLYETHYLENE (LLDPE) UNIT,Inspection,Instrument,Medium,HIGH CRITICAL,SIS proof test of SEQ-1201,All trips functioned correctly,"Simulated trip initiators, verified effects and reset",-,No,0.0,4.0,840000,0,840000,Putra Mahendra (EMP-2022),Joko Purnomo (EMP-4059),Yudha Permana (EMP-1124),SEQ-1201,Inspection work order for GA-1201A
WO-240144,NT-2024-560570,6/18/2025 15:36,6/19/2025 2:36,6/20/2025 22:06,Completed,LV-6701,SEPARATOR LEVEL CONTROL VALVE,TJC-LLD-6700-01,6700,PRODUCT SEPARATION,LINEAR LOW DENSITY POLYETHYLENE (LLDPE) UNIT,Calibration,Instrument,Low,LOW CRITICAL,Position feedback mismatch on DCS,Limit switches out of adjustment,Recalibrated open/closed limit switches,-,No,0.0,3.5,735000,0,735000,Oscar Timothy (EMP-2010),Fajar Ramadhan (EMP-4011),Vino Ardiansyah (EMP-1102),SEQ-6701,Calibration work order for LV-6701
WO-240187,NT-2024-560737,6/23/2025 10:36,6/25/2025 8:36,6/26/2025 4:36,Completed,CT-7801,COOLING TOWER CELL FAN,TJC-LLD-7800-01,7800,COOLING WATER SYSTEM,LINEAR LOW DENSITY POLYETHYLENE (LLDPE) UNIT,Inspection,Instrument,Medium,NON CRITICAL,SIS proof test of SEQ-7801,All trips functioned correctly,"Simulated trip initiators, verified effects and reset",-,No,0.0,4.0,840000,0,840000,Qori Ananta (EMP-2033),Hendra Gunawan (EMP-4035),Yudha Permana (EMP-1124),SEQ-7801,Inspection work order for CT-7801
WO-240183,NT-2024-560724,6/23/2025 15:40,6/26/2025 11:40,6/26/2025 23:40,Completed,CT-7801,COOLING TOWER CELL FAN,TJC-LLD-7800-01,7800,COOLING WATER SYSTEM,LINEAR LOW DENSITY POLYETHYLENE (LLDPE) UNIT,Predictive,Mechanical,Low,NON CRITICAL,Predictive vibration reading,Trend within normal band,Vibration data captured and trended on PdM route,-,No,0.0,1.0,185000,0,185000,Qori Ananta (EMP-2033),Candra Wijaya (EMP-3067),Yudha Permana (EMP-1124),SEQ-7801,Predictive work order for CT-7801
WO-240105,NT-2024-560413,6/30/2025 15:07,7/1/2025 9:07,7/1/2025 15:07,Completed,KC-4501,RECYCLE GAS COMPRESSOR,TJC-LLD-4500-01,4500,GAS RECOVERY & COMPRESSION,LINEAR LOW DENSITY POLYETHYLENE (LLDPE) UNIT,Predictive,Mechanical,Low,HIGH CRITICAL,Predictive vibration reading,Trend within normal band,Vibration data captured and trended on PdM route,-,No,0.0,1.0,185000,0,185000,Rizky Febrian (EMP-2044),Dedi Kurnia (EMP-3078),Yudha Permana (EMP-1124),SEQ-4501,Predictive work order for KC-4501
WO-240086,NT-2024-560334,7/1/2025 7:45,7/4/2025 4:45,7/5/2025 23:39,Completed,KC-4501,RECYCLE GAS COMPRESSOR,TJC-LLD-4500-01,4500,GAS RECOVERY & COMPRESSION,LINEAR LOW DENSITY POLYETHYLENE (LLDPE) UNIT,Calibration,Instrument,High,HIGH CRITICAL,Proof test of lube oil low-low trip,Set-point within tolerance,"Recalibrated PSLL-4504 to 1.5 barg, function tested",-,No,0.0,3.9,819000,0,819000,Oscar Timothy (EMP-2010),Hendra Gunawan (EMP-4035),Wahyu Setiadi (EMP-1113),SEQ-4501,Calibration work order for KC-4501
WO-240082,NT-2024-560317,7/6/2025 18:07,7/8/2025 10:07,7/10/2025 13:07,Completed,DC-3401A,CATALYST REDUCTION REACTOR,TJC-LLD-3400-01,3400,CATALYST PREPARATION,LINEAR LOW DENSITY POLYETHYLENE (LLDPE) UNIT,Inspection,Instrument,Medium,HIGH CRITICAL,SIS proof test of SEQ-3401,All trips functioned correctly,"Simulated trip initiators, verified effects and reset",-,No,0.0,4.0,840000,0,840000,Rizky Febrian (EMP-2044),Hendra Gunawan (EMP-4035),Yudha Permana (EMP-1124),SEQ-3401,Inspection work order for DC-3401A
WO-240124,NT-2024-560479,7/9/2025 18:27,7/12/2025 1:27,7/13/2025 21:57,Completed,EA-5601,SOLVENT HEATER,TJC-LLD-5600-01,5600,SOLVENT RECOVERY SYSTEM,LINEAR LOW DENSITY POLYETHYLENE (LLDPE) UNIT,Preventive,Mechanical,Low,LOW CRITICAL,Scheduled lubrication task,Routine lubrication,"Greased/oiled per lube schedule, levels checked",Grease / oil,No,0.0,1.5,278000,1148000,1426000,Putra Mahendra (EMP-2022),Dedi Kurnia (EMP-3078),Yudha Permana (EMP-1124),-,Preventive work order for EA-5601
WO-240156,NT-2024-560609,7/17/2025 18:27,7/18/2025 3:27,7/18/2025 10:27,Completed,LV-6701,SEPARATOR LEVEL CONTROL VALVE,TJC-LLD-6700-01,6700,PRODUCT SEPARATION,LINEAR LOW DENSITY POLYETHYLENE (LLDPE) UNIT,Predictive,Electrical,Low,LOW CRITICAL,Infrared thermography survey,No hotspot detected,"IR survey of motor / terminations, report filed",-,No,0.0,1.0,200000,0,200000,Qori Ananta (EMP-2033),Nanda Prakoso (EMP-5049),Wahyu Setiadi (EMP-1113),SEQ-6701,Predictive work order for LV-6701
WO-240043,NT-2024-560166,7/23/2025 7:00,7/24/2025 22:00,7/25/2025 21:30,Completed,YD-2301,POLYMER FLUID BED DRYER,TJC-LLD-2300-01,2300,POLYMER SEPARATION & DRYING,LINEAR LOW DENSITY POLYETHYLENE (LLDPE) UNIT,Preventive,Mechanical,Low,HIGH CRITICAL,Scheduled lubrication task,Routine lubrication,"Greased/oiled per lube schedule, levels checked",Grease / oil,No,0.0,1.5,278000,1388000,1666000,Oscar Timothy (EMP-2010),Eko Saputra (EMP-3090),Yudha Permana (EMP-1124),SEQ-5500,Preventive work order for YD-2301
WO-240175,NT-2024-560688,7/23/2025 18:59,7/25/2025 9:59,7/25/2025 19:29,Completed,CT-7801,COOLING TOWER CELL FAN,TJC-LLD-7800-01,7800,COOLING WATER SYSTEM,LINEAR LOW DENSITY POLYETHYLENE (LLDPE) UNIT,Preventive,Mechanical,Low,NON CRITICAL,Scheduled lubrication task,Routine lubrication,"Greased/oiled per lube schedule, levels checked",Grease / oil,No,0.0,1.5,278000,1834000,2112000,Rizky Febrian (EMP-2044),Andi Nurwansyah (EMP-3041),Wahyu Setiadi (EMP-1113),SEQ-7801,Preventive work order for CT-7801
WO-240192,NT-2024-560753,7/27/2025 12:01,7/29/2025 17:01,7/31/2025 1:19,Completed,FA-8901,REFLUX ACCUMULATOR DRUM,TJC-LLD-8900-01,8900,SOLVENT FRACTIONATION,LINEAR LOW DENSITY POLYETHYLENE (LLDPE) UNIT,Calibration,Instrument,High,HIGH CRITICAL,Proof test of drum high-high level trip,Within tolerance,Recalibrated LSHH-8901 and verified EFF-1 column feed trip,-,No,0.0,2.3,483000,0,483000,Qori Ananta (EMP-2033),Joko Purnomo (EMP-4059),Yudha Permana (EMP-1124),SEQ-8901,Calibration work order for FA-8901
WO-240182,NT-2024-560719,7/29/2025 10:25,7/30/2025 3:25,7/31/2025 0:25,Completed,CT-7801,COOLING TOWER CELL FAN,TJC-LLD-7800-01,7800,COOLING WATER SYSTEM,LINEAR LOW DENSITY POLYETHYLENE (LLDPE) UNIT,Predictive,Electrical,Low,NON CRITICAL,Infrared thermography survey,No hotspot detected,"IR survey of motor / terminations, report filed",-,No,0.0,1.0,200000,0,200000,Rizky Febrian (EMP-2044),Lukman Hakim (EMP-5027),Vino Ardiansyah (EMP-1102),SEQ-7801,Predictive work order for CT-7801
WO-240065,NT-2024-560253,8/1/2025 7:43,8/3/2025 4:43,8/5/2025 0:43,Completed,DC-3401A,CATALYST REDUCTION REACTOR,TJC-LLD-3400-01,3400,CATALYST PREPARATION,LINEAR LOW DENSITY POLYETHYLENE (LLDPE) UNIT,Inspection,Mechanical,Medium,HIGH CRITICAL,Grid inspection during catalyst change window,"Minor scale on SS304 grid, no distortion","Cleaned and inspected support/hold-down grids, NDT of welds",-,Yes,24.0,7.1,1314000,0,1314000,Rizky Febrian (EMP-2044),Candra Wijaya (EMP-3067),Vino Ardiansyah (EMP-1102),SEQ-3401,Inspection work order for DC-3401A
WO-240078,NT-2024-560300,8/5/2025 15:15,8/8/2025 2:15,8/10/2025 2:15,Completed,DC-3401A,CATALYST REDUCTION REACTOR,TJC-LLD-3400-01,3400,CATALYST PREPARATION,LINEAR LOW DENSITY POLYETHYLENE (LLDPE) UNIT,Predictive,Mechanical,Low,HIGH CRITICAL,Predictive vibration reading,Trend within normal band,Vibration data captured and trended on PdM route,-,No,0.0,1.0,185000,0,185000,Putra Mahendra (EMP-2022),Candra Wijaya (EMP-3067),Wahyu Setiadi (EMP-1113),SEQ-3401,Predictive work order for DC-3401A
WO-240021,NT-2024-560089,8/18/2025 9:19,8/20/2025 18:19,8/21/2025 11:19,Completed,GA-1201A,HEXANE FEED PUMP,TJC-LLD-1200-01,1200,FEED PREPARATION & PURIFICATION,LINEAR LOW DENSITY POLYETHYLENE (LLDPE) UNIT,Predictive,Electrical,Low,HIGH CRITICAL,Infrared thermography survey,No hotspot detected,"IR survey of motor / terminations, report filed",-,No,0.0,1.0,200000,0,200000,Qori Ananta (EMP-2033),Lukman Hakim (EMP-5027),Yudha Permana (EMP-1124),SEQ-1201,Predictive work order for GA-1201A
WO-240162,NT-2024-560636,8/21/2025 7:37,8/22/2025 15:37,8/24/2025 16:01,Completed,CT-7801,COOLING TOWER CELL FAN,TJC-LLD-7800-01,7800,COOLING WATER SYSTEM,LINEAR LOW DENSITY POLYETHYLENE (LLDPE) UNIT,Preventive,Mechanical,Low,NON CRITICAL,Scheduled fan gearbox oil change,Routine - oil sample acceptable,"Drained and refilled ISO VG 220, replaced breather",ISO VG 220 gear oil (4.5 L),,,,,,,,,,,
WO-240007,NT-2024-560027,8/25/2025 11:58,8/25/2025 14:58,8/26/2025 1:10,Completed,GA-1201A,HEXANE FEED PUMP,TJC-LLD-1200-01,1200,FEED PREPARATION & PURIFICATION,LINEAR LOW DENSITY POLYETHYLENE (LLDPE) UNIT,Corrective,Mechanical,Medium,HIGH CRITICAL,"Abnormal noise from coupling area, guard vibration",Rexnord coupling element cracked from repeated misalignment cycles,"Replaced coupling spacer element, re-aligned, re-fit guard",Rexnord coupling spacer element,Yes,6.5,8.2,1517000,11113000,12630000,Oscar Timothy (EMP-2010),Candra Wijaya (EMP-3067),Wahyu Setiadi (EMP-1113),SEQ-1201,Corrective work order for GA-1201A
WO-240002,NT-2024-560005,8/29/2025 6:36,8/30/2025 5:36,8/31/2025 18:06,Completed,GA-1201A,HEXANE FEED PUMP,TJC-LLD-1200-01,1200,FEED PREPARATION & PURIFICATION,LINEAR LOW DENSITY POLYETHYLENE (LLDPE) UNIT,Corrective,Mechanical,Emergency,HIGH CRITICAL,"Hexane leak observed at GA-1201A seal gland during operation, seal drain flowing",API Plan 11 flush orifice RO-1201 partially plugged causing seal face to run dry and score,"Replaced JC T2100 mechanical seal cartridge, cleaned flush orifice, verified PDI-1201 dP",Mechanical seal JC T2100,,,,,,,,,,,
WO-240034,NT-2024-560134,8/29/2025 16:06,8/31/2025 22:06,9/2/2025 5:06,Completed,YD-2301,POLYMER FLUID BED DRYER,TJC-LLD-2300-01,2300,POLYMER SEPARATION & DRYING,LINEAR LOW DENSITY POLYETHYLENE (LLDPE) UNIT,Corrective,Mechanical,High,HIGH CRITICAL,Rumbling noise and vibration from NDE trunnion,NDE trunnion support roller bearing worn/spalled,"Replaced NDE trunnion roller bearing, re-checked drum tracking",Trunnion roller bearing,,,,,,,,,,,
WO-240200,NT-2024-560784,9/3/2025 18:15,9/4/2025 6:15,9/5/2025 9:15,Completed,FA-8901,REFLUX ACCUMULATOR DRUM,TJC-LLD-8900-01,8900,SOLVENT FRACTIONATION,LINEAR LOW DENSITY POLYETHYLENE (LLDPE) UNIT,Preventive,Mechanical,Low,HIGH CRITICAL,Scheduled monthly preventive inspection,Routine - no defect found,"Visual inspection, cleaning, tightness check completed",-,No,0.0,2.0,370000,0,370000,Qori Ananta (EMP-2033),Dedi Kurnia (EMP-3078),Wahyu Setiadi (EMP-1113),SEQ-8901,Preventive work order for FA-8901
WO-240151,NT-2024-560596,9/8/2025 9:58,9/8/2025 18:58,9/9/2025 19:28,Completed,LV-6701,SEPARATOR LEVEL CONTROL VALVE,TJC-LLD-6700-01,6700,PRODUCT SEPARATION,LINEAR LOW DENSITY POLYETHYLENE (LLDPE) UNIT,Preventive,Instrument,Low,LOW CRITICAL,Scheduled instrument loop check,Loop within tolerance,Verified transmitters and indication against reference,-,No,0.0,2.5,525000,0,525000,Qori Ananta (EMP-2033),Hendra Gunawan (EMP-4035),Yudha Permana (EMP-1124),SEQ-6701,Preventive work order for LV-6701
WO-240092,NT-2024-560359,9/16/2025 10:48,9/18/2025 1:48,9/19/2025 11:54,Completed,KC-4501,RECYCLE GAS COMPRESSOR,TJC-LLD-4500-01,4500,GAS RECOVERY & COMPRESSION,LINEAR LOW DENSITY POLYETHYLENE (LLDPE) UNIT,Preventive,Electrical,Medium,HIGH CRITICAL,Scheduled HV motor electrical test,"Windings healthy, IR 1200 MOhm","IR and polarisation index test, cleaned terminal box",-,No,0.0,1.1,220000,0,220000,Qori Ananta (EMP-2033),Krisna Aditya (EMP-5015),Wahyu Setiadi (EMP-1113),SEQ-4501,Preventive work order for KC-4501
WO-240037,NT-2024-560143,9/16/2025 17:52,9/18/2025 18:52,9/20/2025 19:52,Completed,YD-2301,POLYMER FLUID BED DRYER,TJC-LLD-2300-01,2300,POLYMER SEPARATION & DRYING,LINEAR LOW DENSITY POLYETHYLENE (LLDPE) UNIT,Overhaul,Mechanical,High,HIGH CRITICAL,"Suspected internal steam tube leak (rising moisture, water in powder)",Two steam tubes cracked from thermal cycling,"Hydrotested bundle, plugged 2 leaking tubes both ends",Tube plugs (tapered) x4,Yes,36.0,3.5,648000,29600000,30248000,Putra Mahendra (EMP-2022),Andi Nurwansyah (EMP-3041),Wahyu Setiadi (EMP-1113),SEQ-5500,Overhaul work order for YD-2301
WO-240168,NT-2024-560654,9/17/2025 9:08,9/20/2025 8:08,9/21/2025 9:50,Completed,CT-7801,COOLING TOWER CELL FAN,TJC-LLD-7800-01,7800,COOLING WATER SYSTEM,LINEAR LOW DENSITY POLYETHYLENE (LLDPE) UNIT,Corrective,Instrument,Low,NON CRITICAL,Blowdown conductivity reading unreliable,Conductivity cell fouled with scale,Cleaned and recalibrated AI-7806 conductivity cell,-,No,0.0,1.7,357000,0,357000,Oscar Timothy (EMP-2010),Hendra Gunawan (EMP-4035),Vino Ardiansyah (EMP-1102),SEQ-7801,Corrective work order for CT-7801
WO-240038,NT-2024-560147,9/17/2025 11:16,9/19/2025 7:16,9/20/2025 14:16,Completed,YD-2301,POLYMER FLUID BED DRYER,TJC-LLD-2300-01,2300,POLYMER SEPARATION & DRYING,LINEAR LOW DENSITY POLYETHYLENE (LLDPE) UNIT,Inspection,Instrument,High,HIGH CRITICAL,SIL-2 proof test of dryer shutdown logic,All trips healthy,"Simulated TSHH/FSLL/ASHH trips, verified EFF actions and centrifuge trip",-,No,0.0,3.0,630000,0,630000,Qori Ananta (EMP-2033),Galih Pradana (EMP-4023),Yudha Permana (EMP-1124),SEQ-5500,Inspection work order for YD-2301
WO-240153,NT-2024-560602,9/19/2025 6:50,9/20/2025 14:50,9/22/2025 4:20,Completed,LV-6701,SEPARATOR LEVEL CONTROL VALVE,TJC-LLD-6700-01,6700,PRODUCT SEPARATION,LINEAR LOW DENSITY POLYETHYLENE (LLDPE) UNIT,Preventive,Instrument,Low,LOW CRITICAL,Scheduled instrument loop check,Loop within tolerance,Verified transmitters and indication against reference,-,No,0.0,2.5,525000,0,525000,Putra Mahendra (EMP-2022),Joko Purnomo (EMP-4059),Vino Ardiansyah (EMP-1102),SEQ-6701,Preventive work order for LV-6701
WO-240096,NT-2024-560377,9/22/2025 7:09,9/23/2025 11:09,9/24/2025 2:09,Completed,KC-4501,RECYCLE GAS COMPRESSOR,TJC-LLD-4500-01,4500,GAS RECOVERY & COMPRESSION,LINEAR LOW DENSITY POLYETHYLENE (LLDPE) UNIT,Preventive,Mechanical,Low,HIGH CRITICAL,Scheduled monthly preventive inspection,Routine - no defect found,"Visual inspection, cleaning, tightness check completed",-,No,0.0,2.0,370000,0,370000,Rizky Febrian (EMP-2044),Bagus Prasetya (EMP-3052),Wahyu Setiadi (EMP-1113),SEQ-4501,Preventive work order for KC-4501
WO-240046,NT-2024-560175,9/23/2025 18:11,9/25/2025 19:11,9/26/2025 18:41,Completed,YD-2301,POLYMER FLUID BED DRYER,TJC-LLD-2300-01,2300,POLYMER SEPARATION & DRYING,LINEAR LOW DENSITY POLYETHYLENE (LLDPE) UNIT,Preventive,Instrument,Low,HIGH CRITICAL,Scheduled instrument loop check,Loop within tolerance,Verified transmitters and indication against reference,-,No,0.0,2.5,525000,0,525000,Rizky Febrian (EMP-2044),Galih Pradana (EMP-4023),Vino Ardiansyah (EMP-1102),SEQ-5500,Preventive work order for YD-2301
WO-240176,NT-2024-560690,9/24/2025 10:22,9/25/2025 21:22,9/25/2025 23:52,Completed,CT-7801,COOLING TOWER CELL FAN,TJC-LLD-7800-01,7800,COOLING WATER SYSTEM,LINEAR LOW DENSITY POLYETHYLENE (LLDPE) UNIT,Preventive,Mechanical,Low,NON CRITICAL,Scheduled lubrication task,Routine lubrication,"Greased/oiled per lube schedule, levels checked",Grease / oil,No,0.0,1.5,278000,1288000,1566000,Qori Ananta (EMP-2033),Bagus Prasetya (EMP-3052),Yudha Permana (EMP-1124),SEQ-7801,Preventive work order for CT-7801
WO-240067,NT-2024-560259,9/24/2025 14:43,9/26/2025 21:43,9/27/2025 12:49,Completed,DC-3401A,CATALYST REDUCTION REACTOR,TJC-LLD-3400-01,3400,CATALYST PREPARATION,LINEAR LOW DENSITY POLYETHYLENE (LLDPE) UNIT,Calibration,Instrument,Medium,HIGH CRITICAL,Proof test of carrier nitrogen low-flow trip,Within tolerance,Recalibrated FSLL-17343 to 150 kg/h and function tested,-,No,0.0,3.1,651000,0,651000,Putra Mahendra (EMP-2022),Joko Purnomo (EMP-4059),Wahyu Setiadi (EMP-1113),SEQ-3401,Calibration work order for DC-3401A
WO-240025,NT-2024-560106,9/27/2025 15:22,9/27/2025 16:22,9/29/2025 10:22,Completed,GA-1201A,HEXANE FEED PUMP,TJC-LLD-1200-01,1200,FEED PREPARATION & PURIFICATION,LINEAR LOW DENSITY POLYETHYLENE (LLDPE) UNIT,Inspection,Instrument,Medium,HIGH CRITICAL,SIS proof test of SEQ-1201,All trips functioned correctly,"Simulated trip initiators, verified effects and reset",-,No,0.0,4.0,840000,0,840000,Rizky Febrian (EMP-2044),Irfan Maulidi (EMP-4048),Wahyu Setiadi (EMP-1113),SEQ-1201,Inspection work order for GA-1201A
WO-240015,NT-2024-560063,9/28/2025 14:51,9/30/2025 3:51,9/30/2025 11:51,Completed,GA-1201A,HEXANE FEED PUMP,TJC-LLD-1200-01,1200,FEED PREPARATION & PURIFICATION,LINEAR LOW DENSITY POLYETHYLENE (LLDPE) UNIT,Preventive,Mechanical,Low,HIGH CRITICAL,Scheduled monthly preventive inspection,Routine - no defect found,"Visual inspection, cleaning, tightness check completed",-,No,0.0,2.0,370000,0,370000,Putra Mahendra (EMP-2022),Eko Saputra (EMP-3090),Wahyu Setiadi (EMP-1113),SEQ-1201,Preventive work order for GA-1201A
WO-240062,NT-2024-560242,9/29/2025 6:57,10/1/2025 3:57,10/3/2025 9:57,Completed,DC-3401A,CATALYST REDUCTION REACTOR,TJC-LLD-3400-01,3400,CATALYST PREPARATION,LINEAR LOW DENSITY POLYETHYLENE (LLDPE) UNIT,Corrective,Mechanical,Medium,HIGH CRITICAL,Nitrogen leak at bottom manway during leak test,Spiral-wound gasket unevenly seated,"Renewed SW SS316/graphite gasket, re-torqued in star pattern, leak test passed",SW SS316/graphite gasket,Yes,10.0,9.9,1832000,10440000,12272000,Putra Mahendra (EMP-2022),Eko Saputra (EMP-3090),Vino Ardiansyah (EMP-1102),SEQ-3401,Corrective work order for DC-3401A
WO-240163,NT-2024-560638,10/4/2025 18:11,10/6/2025 5:11,10/8/2025 6:11,Completed,CT-7801,COOLING TOWER CELL FAN,TJC-LLD-7800-01,7800,COOLING WATER SYSTEM,LINEAR LOW DENSITY POLYETHYLENE (LLDPE) UNIT,Corrective,Mechanical,Medium,NON CRITICAL,VSHH-7802 vibration alarm on CT-7801 fan,Leading-edge erosion on one FRP blade caused imbalance,"Inspected blades, re-balanced fan, vibration normalised",Balance weights,Yes,12.0,7.8,1443000,7445000,8888000,Rizky Febrian (EMP-2044),Bagus Prasetya (EMP-3052),Vino Ardiansyah (EMP-1102),SEQ-7801,Corrective work order for CT-7801
WO-240055,NT-2024-560210,10/9/2025 13:01,10/11/2025 6:01,10/12/2025 16:01,Completed,YD-2301,POLYMER FLUID BED DRYER,TJC-LLD-2300-01,2300,POLYMER SEPARATION & DRYING,LINEAR LOW DENSITY POLYETHYLENE (LLDPE) UNIT,Inspection,Instrument,Medium,HIGH CRITICAL,SIS proof test of SEQ-5500,All trips functioned correctly,"Simulated trip initiators, verified effects and reset",-,No,0.0,4.0,840000,0,840000,Oscar Timothy (EMP-2010),Joko Purnomo (EMP-4059),Wahyu Setiadi (EMP-1113),SEQ-5500,Inspection work order for YD-2301
WO-240072,NT-2024-560277,10/10/2025 8:24,10/12/2025 18:24,10/14/2025 5:54,Completed,DC-3401A,CATALYST REDUCTION REACTOR,TJC-LLD-3400-01,3400,CATALYST PREPARATION,LINEAR LOW DENSITY POLYETHYLENE (LLDPE) UNIT,Preventive,Mechanical,Low,HIGH CRITICAL,Scheduled lubrication task,Routine lubrication,"Greased/oiled per lube schedule, levels checked",Grease / oil,No,0.0,1.5,278000,1108000,1386000,Oscar Timothy (EMP-2010),Candra Wijaya (EMP-3067),Wahyu Setiadi (EMP-1113),SEQ-3401,Preventive work order for DC-3401A
WO-240120,NT-2024-560468,10/12/2025 14:56,10/13/2025 16:56,10/15/2025 14:08,Completed,EA-5601,SOLVENT HEATER,TJC-LLD-5600-01,5600,SOLVENT RECOVERY SYSTEM,LINEAR LOW DENSITY POLYETHYLENE (LLDPE) UNIT,Corrective,Mechanical,Low,LOW CRITICAL,Corroded saddle hold-down bolts,Atmospheric corrosion under insulation edge,"Replaced saddle hold-down bolts, applied coating",Hold-down bolts,,,,,,,,,,,
WO-240019,NT-2024-560077,10/19/2025 16:32,10/21/2025 21:32,10/22/2025 11:02,Completed,GA-1201A,HEXANE FEED PUMP,TJC-LLD-1200-01,1200,FEED PREPARATION & PURIFICATION,LINEAR LOW DENSITY POLYETHYLENE (LLDPE) UNIT,Preventive,Instrument,Low,HIGH CRITICAL,Scheduled instrument loop check,Loop within tolerance,Verified transmitters and indication against reference,-,No,0.0,2.5,525000,0,525000,Rizky Febrian (EMP-2044),Joko Purnomo (EMP-4059),Vino Ardiansyah (EMP-1102),SEQ-1201,Preventive work order for GA-1201A
WO-240125,NT-2024-560485,10/20/2025 14:49,10/21/2025 20:49,10/23/2025 7:19,Completed,EA-5601,SOLVENT HEATER,TJC-LLD-5600-01,5600,SOLVENT RECOVERY SYSTEM,LINEAR LOW DENSITY POLYETHYLENE (LLDPE) UNIT,Preventive,Mechanical,Low,LOW CRITICAL,Scheduled lubrication task,Routine lubrication,"Greased/oiled per lube schedule, levels checked",Grease / oil,No,0.0,1.5,278000,2376000,2654000,Rizky Febrian (EMP-2044),Candra Wijaya (EMP-3067),Vino Ardiansyah (EMP-1102),-,Preventive work order for EA-5601
WO-240107,NT-2024-560419,10/21/2025 16:02,10/22/2025 19:02,10/24/2025 8:02,Completed,KC-4501,RECYCLE GAS COMPRESSOR,TJC-LLD-4500-01,4500,GAS RECOVERY & COMPRESSION,LINEAR LOW DENSITY POLYETHYLENE (LLDPE) UNIT,Inspection,Instrument,Medium,HIGH CRITICAL,SIS proof test of SEQ-4501,All trips functioned correctly,"Simulated trip initiators, verified effects and reset",-,No,0.0,4.0,840000,0,840000,Qori Ananta (EMP-2033),Galih Pradana (EMP-4023),Yudha Permana (EMP-1124),SEQ-4501,Inspection work order for KC-4501
WO-240088,NT-2024-560342,10/23/2025 6:34,10/26/2025 5:34,10/28/2025 19:34,Completed,KC-4501,RECYCLE GAS COMPRESSOR,TJC-LLD-4500-01,4500,GAS RECOVERY & COMPRESSION,LINEAR LOW DENSITY POLYETHYLENE (LLDPE) UNIT,Corrective,Mechanical,High,HIGH CRITICAL,VSHH-4505 crosshead vibration approaching trip,Crosshead pin clearance excessive,"Renewed crosshead pin/bush, set clearance, vibration normalised",Crosshead pin,,,,,,,,,,,
WO-240180,NT-2024-560707,10/29/2025 7:23,10/31/2025 15:23,11/1/2025 22:23,Completed,CT-7801,COOLING TOWER CELL FAN,TJC-LLD-7800-01,7800,COOLING WATER SYSTEM,LINEAR LOW DENSITY POLYETHYLENE (LLDPE) UNIT,Predictive,Electrical,Low,NON CRITICAL,Infrared thermography survey,No hotspot detected,"IR survey of motor / terminations, report filed",-,No,0.0,1.0,200000,0,200000,Putra Mahendra (EMP-2022),Krisna Aditya (EMP-5015),Yudha Permana (EMP-1124),SEQ-7801,Predictive work order for CT-7801
WO-240149,NT-2024-560588,10/31/2025 16:26,11/1/2025 12:26,11/2/2025 22:56,Completed,LV-6701,SEPARATOR LEVEL CONTROL VALVE,TJC-LLD-6700-01,6700,PRODUCT SEPARATION,LINEAR LOW DENSITY POLYETHYLENE (LLDPE) UNIT,Preventive,Mechanical,Low,LOW CRITICAL,Scheduled lubrication task,Routine lubrication,"Greased/oiled per lube schedule, levels checked",Grease / oil,No,0.0,1.5,278000,1386000,1664000,Putra Mahendra (EMP-2022),Candra Wijaya (EMP-3067),Wahyu Setiadi (EMP-1113),SEQ-6701,Preventive work order for LV-6701
WO-240197,NT-2024-560773,11/1/2025 7:22,11/2/2025 20:22,11/5/2025 7:22,Completed,FA-8901,REFLUX ACCUMULATOR DRUM,TJC-LLD-8900-01,8900,SOLVENT FRACTIONATION,LINEAR LOW DENSITY POLYETHYLENE (LLDPE) UNIT,Inspection,Mechanical,High,HIGH CRITICAL,Turnaround internal inspection,"Mist pad slightly fouled, vortex breaker intact","Inspected internals, cleaned mist pad, NDT of nozzles",Manway gasket,Yes,36.0,5.0,925000,5747000,6672000,Rizky Febrian (EMP-2044),Dedi Kurnia (EMP-3078),Wahyu Setiadi (EMP-1113),SEQ-8901,Inspection work order for FA-8901
WO-240148,NT-2024-560586,11/2/2025 17:53,11/5/2025 17:53,11/6/2025 9:53,Completed,LV-6701,SEPARATOR LEVEL CONTROL VALVE,TJC-LLD-6700-01,6700,PRODUCT SEPARATION,LINEAR LOW DENSITY POLYETHYLENE (LLDPE) UNIT,Preventive,Mechanical,Low,LOW CRITICAL,Scheduled monthly preventive inspection,Routine - no defect found,"Visual inspection, cleaning, tightness check completed",-,No,0.0,2.0,370000,0,370000,Oscar Timothy (EMP-2010),Andi Nurwansyah (EMP-3041),Yudha Permana (EMP-1124),SEQ-6701,Preventive work order for LV-6701
WO-240032,NT-2024-560130,11/13/2025 10:21,11/13/2025 14:21,11/15/2025 7:21,Completed,YD-2301,POLYMER FLUID BED DRYER,TJC-LLD-2300-01,2300,POLYMER SEPARATION & DRYING,LINEAR LOW DENSITY POLYETHYLENE (LLDPE) UNIT,Corrective,Mechanical,Emergency,HIGH CRITICAL,Live steam leaking at YD-2301 head rotary joint,Kadant rotary joint carbon seal worn out,"Replaced rotary joint seal kit, renewed NBR O-ring, leak tested",Kadant rotary joint seal kit,,,,,,,,,,,
WO-240020,NT-2024-560083,11/14/2025 12:34,11/14/2025 16:34,11/16/2025 16:04,Completed,GA-1201A,HEXANE FEED PUMP,TJC-LLD-1200-01,1200,FEED PREPARATION & PURIFICATION,LINEAR LOW DENSITY POLYETHYLENE (LLDPE) UNIT,Preventive,Instrument,Low,HIGH CRITICAL,Scheduled instrument loop check,Loop within tolerance,Verified transmitters and indication against reference,-,No,0.0,2.5,525000,0,525000,Rizky Febrian (EMP-2044),Fajar Ramadhan (EMP-4011),Yudha Permana (EMP-1124),SEQ-1201,Preventive work order for GA-1201A
WO-240118,NT-2024-560460,11/16/2025 17:28,11/17/2025 5:28,11/18/2025 17:46,Completed,EA-5601,SOLVENT HEATER,TJC-LLD-5600-01,5600,SOLVENT RECOVERY SYSTEM,LINEAR LOW DENSITY POLYETHYLENE (LLDPE) UNIT,Corrective,Instrument,Low,LOW CRITICAL,Cracked gauge glass on condensate pot,Thermal/mechanical stress on glass,Replaced LG-5606 gauge glass and seals,Gauge glass,,,,,,,,,,,
WO-240041,NT-2024-560159,11/19/2025 11:38,11/19/2025 12:38,11/20/2025 5:38,Completed,YD-2301,POLYMER FLUID BED DRYER,TJC-LLD-2300-01,2300,POLYMER SEPARATION & DRYING,LINEAR LOW DENSITY POLYETHYLENE (LLDPE) UNIT,Preventive,Mechanical,Low,HIGH CRITICAL,Scheduled monthly preventive inspection,Routine - no defect found,"Visual inspection, cleaning, tightness check completed",-,No,0.0,2.0,370000,0,370000,Putra Mahendra (EMP-2022),Dedi Kurnia (EMP-3078),Vino Ardiansyah (EMP-1102),SEQ-5500,Preventive work order for YD-2301
WO-240114,NT-2024-560446,11/20/2025 7:37,11/20/2025 17:37,11/22/2025 6:19,Completed,EA-5601,SOLVENT HEATER,TJC-LLD-5600-01,5600,SOLVENT RECOVERY SYSTEM,LINEAR LOW DENSITY POLYETHYLENE (LLDPE) UNIT,Corrective,Instrument,Medium,LOW CRITICAL,Outlet temperature hunting around set-point,Steam valve TV-5602 loop poorly tuned,"Retuned TIC-5602 PID, verified stable control",-,No,0.0,3.7,777000,0,777000,Qori Ananta (EMP-2033),Fajar Ramadhan (EMP-4011),Yudha Permana (EMP-1124),-,Corrective work order for EA-5601
WO-240158,NT-2024-560619,11/22/2025 8:47,11/23/2025 3:47,11/24/2025 4:47,Completed,LV-6701,SEPARATOR LEVEL CONTROL VALVE,TJC-LLD-6700-01,6700,PRODUCT SEPARATION,LINEAR LOW DENSITY POLYETHYLENE (LLDPE) UNIT,Predictive,Mechanical,Low,LOW CRITICAL,Predictive vibration reading,Trend within normal band,Vibration data captured and trended on PdM route,-,No,0.0,1.0,185000,0,185000,Oscar Timothy (EMP-2010),Andi Nurwansyah (EMP-3041),Vino Ardiansyah (EMP-1102),SEQ-6701,Predictive work order for LV-6701
WO-240117,NT-2024-560457,11/28/2025 9:01,11/28/2025 19:01,12/1/2025 16:01,Completed,EA-5601,SOLVENT HEATER,TJC-LLD-5600-01,5600,SOLVENT RECOVERY SYSTEM,LINEAR LOW DENSITY POLYETHYLENE (LLDPE) UNIT,Inspection,Mechanical,Medium,LOW CRITICAL,Turnaround pressure test and inspection,"No defects found, minor scale","Hydrotested shell, IRIS/UT of sample tubes, cleaned",-,Yes,24.0,9.6,1776000,0,1776000,Putra Mahendra (EMP-2022),Bagus Prasetya (EMP-3052),Vino Ardiansyah (EMP-1102),-,Inspection work order for EA-5601
WO-240159,NT-2024-560624,11/29/2025 9:26,11/29/2025 21:26,12/1/2025 10:26,Completed,LV-6701,SEPARATOR LEVEL CONTROL VALVE,TJC-LLD-6700-01,6700,PRODUCT SEPARATION,LINEAR LOW DENSITY POLYETHYLENE (LLDPE) UNIT,Inspection,Instrument,Medium,LOW CRITICAL,SIS proof test of SEQ-6701,All trips functioned correctly,"Simulated trip initiators, verified effects and reset",-,No,0.0,4.0,840000,0,840000,Oscar Timothy (EMP-2010),Joko Purnomo (EMP-4059),Yudha Permana (EMP-1124),SEQ-6701,Inspection work order for LV-6701
WO-240155,NT-2024-560607,12/1/2025 15:00,12/4/2025 6:00,12/5/2025 1:00,Completed,LV-6701,SEPARATOR LEVEL CONTROL VALVE,TJC-LLD-6700-01,6700,PRODUCT SEPARATION,LINEAR LOW DENSITY POLYETHYLENE (LLDPE) UNIT,Predictive,Electrical,Low,LOW CRITICAL,Infrared thermography survey,No hotspot detected,"IR survey of motor / terminations, report filed",-,No,0.0,1.0,200000,0,200000,Rizky Febrian (EMP-2044),Krisna Aditya (EMP-5015),Vino Ardiansyah (EMP-1102),SEQ-6701,Predictive work order for LV-6701
WO-240066,NT-2024-560256,12/1/2025 18:57,12/3/2025 15:57,12/5/2025 5:51,Completed,DC-3401A,CATALYST REDUCTION REACTOR,TJC-LLD-3400-01,3400,CATALYST PREPARATION,LINEAR LOW DENSITY POLYETHYLENE (LLDPE) UNIT,Inspection,Instrument,High,HIGH CRITICAL,SIL-2 proof test of reduction reactor logic,All trips healthy,"Simulated TSHH/PSHH/FSLL trips, verified heater trip and H2 block",-,No,0.0,1.9,399000,0,399000,Qori Ananta (EMP-2033),Fajar Ramadhan (EMP-4011),Yudha Permana (EMP-1124),SEQ-3401,Inspection work order for DC-3401A
WO-240099,NT-2024-560390,12/2/2025 6:47,12/5/2025 1:47,12/6/2025 8:17,Completed,KC-4501,RECYCLE GAS COMPRESSOR,TJC-LLD-4500-01,4500,GAS RECOVERY & COMPRESSION,LINEAR LOW DENSITY POLYETHYLENE (LLDPE) UNIT,Preventive,Mechanical,Low,HIGH CRITICAL,Scheduled lubrication task,Routine lubrication,"Greased/oiled per lube schedule, levels checked",Grease / oil,No,0.0,1.5,278000,1920000,2198000,Qori Ananta (EMP-2033),Andi Nurwansyah (EMP-3041),Yudha Permana (EMP-1124),SEQ-4501,Preventive work order for KC-4501
WO-240205,NT-2024-560797,12/3/2025 11:00,12/4/2025 6:00,12/5/2025 10:00,Completed,FA-8901,REFLUX ACCUMULATOR DRUM,TJC-LLD-8900-01,8900,SOLVENT FRACTIONATION,LINEAR LOW DENSITY POLYETHYLENE (LLDPE) UNIT,Predictive,Electrical,Low,HIGH CRITICAL,Infrared thermography survey,No hotspot detected,"IR survey of motor / terminations, report filed",-,No,0.0,1.0,200000,0,200000,Putra Mahendra (EMP-2022),Krisna Aditya (EMP-5015),Wahyu Setiadi (EMP-1113),SEQ-8901,Predictive work order for FA-8901
WO-240064,NT-2024-560248,12/4/2025 8:00,12/6/2025 14:00,12/7/2025 16:54,Completed,DC-3401A,CATALYST REDUCTION REACTOR,TJC-LLD-3400-01,3400,CATALYST PREPARATION,LINEAR LOW DENSITY POLYETHYLENE (LLDPE) UNIT,Corrective,Instrument,Medium,HIGH CRITICAL,Heater outlet temperature overshooting set-point,Loop tuning too aggressive after heater repair,"Retuned TIC-17343 PID, verified smooth ramp",-,No,0.0,3.9,819000,0,819000,Oscar Timothy (EMP-2010),Fajar Ramadhan (EMP-4011),Yudha Permana (EMP-1124),SEQ-3401,Corrective work order for DC-3401A
WO-240047,NT-2024-560178,12/5/2025 8:30,12/8/2025 8:30,12/10/2025 5:30,Completed,YD-2301,POLYMER FLUID BED DRYER,TJC-LLD-2300-01,2300,POLYMER SEPARATION & DRYING,LINEAR LOW DENSITY POLYETHYLENE (LLDPE) UNIT,Predictive,Electrical,Low,HIGH CRITICAL,Infrared thermography survey,No hotspot detected,"IR survey of motor / terminations, report filed",-,No,0.0,1.0,200000,0,200000,Qori Ananta (EMP-2033),Maulana Yusuf (EMP-5038),Wahyu Setiadi (EMP-1113),SEQ-5500,Predictive work order for YD-2301
WO-240209,NT-2024-560819,12/6/2025 15:46,12/8/2025 14:46,12/9/2025 11:46,Completed,FA-8901,REFLUX ACCUMULATOR DRUM,TJC-LLD-8900-01,8900,SOLVENT FRACTIONATION,LINEAR LOW DENSITY POLYETHYLENE (LLDPE) UNIT,Predictive,Mechanical,Low,HIGH CRITICAL,Predictive vibration reading,Trend within normal band,Vibration data captured and trended on PdM route,-,No,0.0,1.0,185000,0,185000,Qori Ananta (EMP-2033),Andi Nurwansyah (EMP-3041),Wahyu Setiadi (EMP-1113),SEQ-8901,Predictive work order for FA-8901
